Date,BTC,VIX,BTC_Return,VIX_Change,FearGreed,FundingRate,NextDay_Return,VIX_Lag1,Fear_Lag1,Fund_Lag1
2021-06-29,35867.77734375,16.020000457763672,0.0416282575871875,0.0164974762123009,25,0.0001,-0.0230552732143045,16.020000457763672,25,0.0001
2021-06-30,35040.8359375,15.829999923706056,-0.0230552732143045,-0.0118602077795533,28,0.0001,-0.0419144895007543,15.829999923706056,28,0.0001
2021-07-01,33572.1171875,15.479999542236328,-0.0419144895007543,-0.0221099420819066,28,-1.2426666666666669e-05,0.0096785581226608,15.479999542236328,28,-1.2426666666666669e-05
2021-07-02,33897.046875,15.06999969482422,0.0096785581226608,-0.026485779039815,21,-4.6746666666666664e-05,0.0144962765846001,15.06999969482422,21,-4.6746666666666664e-05
2021-07-06,34235.1953125,16.440000534057617,0.0144962765846001,0.0909091484390622,20,9.613333333333334e-05,-0.0110958089776488,16.440000534057617,20,9.613333333333334e-05
2021-07-07,33855.328125,16.200000762939453,-0.0110958089776488,-0.0145985257494957,28,4.0333333333333336e-05,-0.0288863551296624,16.200000762939453,28,4.0333333333333336e-05
2021-07-08,32877.37109375,19.0,-0.0288863551296624,0.1728394509379327,20,9.686666666666667e-05,0.0280022579169967,19.0,20,9.686666666666667e-05
2021-07-09,33798.01171875,16.18000030517578,0.0280022579169967,-0.1484210365696957,20,0.0001,-0.0316686304287907,16.18000030517578,20,0.0001
2021-07-12,33155.84765625,16.170000076293945,-0.0316686304287907,-0.0006180611058849,25,-0.00039175666666666664,-0.0136875482819831,16.170000076293945,25,-0.00039175666666666664
2021-07-13,32702.025390625,17.1200008392334,-0.0136875482819831,0.0587508199416897,20,-0.00044121000000000004,0.0036793520947939,17.1200008392334,20,-0.00044121000000000004
2021-07-14,32822.34765625,16.329999923706055,0.0036793520947939,-0.0461449110280953,21,2.733e-05,-0.0317349995316881,16.329999923706055,21,2.733e-05
2021-07-15,31780.73046875,17.010000228881836,-0.0317349995316881,0.0416411701379515,20,8.076666666666668e-06,-0.0113021759082344,17.010000228881836,20,8.076666666666668e-06
2021-07-16,31421.5390625,18.450000762939453,-0.0113021759082344,0.0846561149136608,22,-0.0010252833333333335,-0.030788575922789,18.450000762939453,22,-0.0010252833333333335
2021-07-19,30817.83203125,22.5,-0.030788575922789,0.2195121446930119,24,-0.0009344333333333333,-0.0327889506950178,22.5,24,-0.0009344333333333333
2021-07-20,29807.34765625,19.729999542236328,-0.0327889506950178,-0.1231111314561631,19,-0.00106908,0.0772744267516882,19.729999542236328,19,-0.00106908
2021-07-21,32110.693359375,17.90999984741211,0.0772744267516882,-0.0922452983806774,10,-0.0010706966666666666,0.006303573302191,17.90999984741211,10,-0.0010706966666666666
2021-07-22,32313.10546875,17.690000534057617,0.006303573302191,-0.0122836021903306,21,-0.00057629,0.039254825375008,17.690000534057617,21,-0.00057629
2021-07-23,33581.55078125,17.200000762939453,0.039254825375008,-0.0276992513468156,23,-0.0004261433333333333,0.0562188717174414,17.200000762939453,23,-0.0004261433333333333
2021-07-26,37337.53515625,17.579999923706055,0.0562188717174414,0.0220929734831976,26,-1.645333333333333e-05,0.0554242866150631,17.579999923706055,26,-1.645333333333333e-05
2021-07-27,39406.94140625,19.36000061035156,0.0554242866150631,0.1012514615682811,32,-4.489999999999997e-06,0.01494571318485,19.36000061035156,32,-4.489999999999997e-06
2021-07-28,39995.90625,18.309999465942383,0.01494571318485,-0.0542355945922726,50,-0.0001279933333333333,0.0003129226506775,18.309999465942383,50,-0.0001279933333333333
2021-07-29,40008.421875,17.700000762939453,0.0003129226506775,-0.0333150584814359,50,0.0001,0.0556664046124664,17.700000762939453,50,0.0001
2021-07-30,42235.546875,18.239999771118164,0.0556664046124664,0.0305084172261376,53,0.0001,-0.0193358663684717,18.239999771118164,53,0.0001
2021-08-02,39201.9453125,19.459999084472656,-0.0193358663684717,0.0668859281065497,48,0.0001,-0.0267579793652619,19.459999084472656,48,0.0001
2021-08-03,38152.98046875,18.040000915527344,-0.0267579793652619,-0.0729701046120986,48,0.0001,0.0417928931871005,18.040000915527344,48,0.0001
2021-08-04,39747.50390625,17.969999313354492,0.0417928931871005,-0.0038803546907029,42,0.0001,0.0282294652740084,17.969999313354492,42,0.0001
2021-08-05,40869.5546875,17.280000686645508,0.0282294652740084,-0.0383972539273392,50,0.0001,0.0476380358774859,17.280000686645508,50,0.0001
2021-08-06,42816.5,16.149999618530273,0.0476380358774859,-0.0653935777322354,52,0.0001,0.0586163360689555,16.149999618530273,52,0.0001
2021-08-09,46365.40234375,16.719999313354492,0.0586163360689555,0.0352940995843868,65,0.00012883666666666668,-0.0168308923098386,16.719999313354492,65,0.00012883666666666668
2021-08-10,45585.03125,16.790000915527344,-0.0168308923098386,0.0041866988664849,71,0.0001,0.000188778388739,16.790000915527344,71,0.0001
2021-08-11,45593.63671875,16.170000076293945,0.000188778388739,-0.0369267900789703,70,0.00010323333333333333,-0.0255594363625475,16.170000076293945,70,0.00010323333333333333
2021-08-12,44428.2890625,15.59000015258789,-0.0255594363625475,-0.0358688881242718,70,0.00052703,0.0757407345861598,15.59000015258789,70,0.00052703
2021-08-13,47793.3203125,15.449999809265137,0.0757407345861598,-0.0089801373927193,70,0.00046390666666666663,-0.0221591056749844,15.449999809265137,70,0.00046390666666666663
2021-08-16,46004.484375,16.1200008392334,-0.0221591056749844,0.0433657629928558,72,0.00040569333333333337,-0.0284564650117329,16.1200008392334,72,0.00040569333333333337
2021-08-17,44695.359375,17.90999984741211,-0.0284564650117329,0.1110421163144204,72,0.0007971233333333333,0.0023677653895135,17.90999984741211,72,0.0007971233333333333
2021-08-18,44801.1875,21.56999969482422,0.0023677653895135,0.2043551020990632,73,0.0002564033333333333,0.0427754426152209,21.56999969482422,73,0.0002564033333333333
2021-08-19,46717.578125,21.670000076293945,0.0427754426152209,0.0046360863646057,70,0.0001,0.0561158724717174,21.670000076293945,70,0.0001
2021-08-20,49339.17578125,18.559999465942383,0.0561158724717174,-0.1435164097555205,70,0.0001,0.0045516742258624,18.559999465942383,70,0.0001
2021-08-23,49546.1484375,17.149999618530273,0.0045516742258624,-0.075969821550882,79,0.0007280633333333333,-0.0371377252930388,17.149999618530273,79,0.0007280633333333333
2021-08-24,47706.1171875,17.219999313354492,-0.0371377252930388,0.004081614949343,79,0.00103764,0.0263000208142856,17.219999313354492,79,0.00103764
2021-08-25,48960.7890625,16.790000915527344,0.0263000208142856,-0.0249708719496681,73,0.00087805,-0.0412283043462234,16.790000915527344,73,0.00087805
2021-08-26,46942.21875,18.84000015258789,-0.0412283043462234,0.1220964339057726,75,0.0005474066666666667,0.0450862629655739,18.84000015258789,75,0.0005474066666666667
2021-08-27,49058.66796875,16.389999389648438,0.0450862629655739,-0.1300425022875022,71,0.00016619333333333332,-0.0363476092875793,16.389999389648438,71,0.00016619333333333332
2021-08-30,47054.984375,16.190000534057617,-0.0363476092875793,-0.0122024931689219,73,0.0006086366666666667,0.0023738850726162,16.190000534057617,73,0.0006086366666666667
2021-08-31,47166.6875,16.479999542236328,0.0023738850726162,0.0179122296857658,73,0.0008454,0.0356255639904752,16.479999542236328,73,0.0008454
2021-09-01,48847.02734375,16.110000610351562,0.0356255639904752,-0.0224513921214926,71,0.0006512566666666667,0.0098408304177286,16.110000610351562,71,0.0006512566666666667
2021-09-02,49327.72265625,16.40999984741211,0.0098408304177286,0.0186219258655881,74,0.00025633333333333335,0.0141432100689449,16.40999984741211,74,0.00025633333333333335
2021-09-03,50025.375,16.40999984741211,0.0141432100689449,0.0,74,0.0004199266666666667,-0.1106216071695616,16.40999984741211,74,0.0004199266666666667
2021-09-07,46811.12890625,18.13999938964844,-0.1106216071695616,0.1054234953274027,79,0.0003801033333333333,-0.0153753668853284,18.13999938964844,79,0.0003801033333333333
2021-09-08,46091.390625,17.959999084472656,-0.0153753668853284,-0.0099228396489636,47,-0.00031729333333333333,0.0065094857397784,17.959999084472656,47,-0.00031729333333333333
2021-09-09,46391.421875,18.799999237060547,0.0065094857397784,0.0467706122164623,45,0.0001,-0.0324954842473235,18.799999237060547,45,0.0001
2021-09-10,44883.91015625,20.950000762939453,-0.0324954842473235,0.1143617879324481,46,0.0001,-0.0238844381585552,20.950000762939453,46,0.0001
2021-09-13,44963.07421875,19.3700008392334,-0.0238844381585552,-0.0754176547096396,44,0.0001,0.0473592610325122,19.3700008392334,44,0.0001
2021-09-14,47092.4921875,19.459999084472656,0.0473592610325122,0.0046462695580771,30,5.77e-05,0.0230154620918043,19.459999084472656,30,5.77e-05
2021-09-15,48176.34765625,18.18000030517578,0.0230154620918043,-0.0657758910337359,49,-3.179999999999998e-06,-0.0081572867261351,18.18000030517578,49,-3.179999999999998e-06
2021-09-16,47783.359375,18.690000534057617,-0.0081572867261351,0.0280528173993837,53,9.246666666666667e-05,-0.0107953867308016,18.690000534057617,53,9.246666666666667e-05
2021-09-17,47267.51953125,20.809999465942383,-0.0107953867308016,0.1134295811293115,48,0.0001,-0.0934489531695195,20.809999465942383,48,0.0001
2021-09-20,42843.80078125,25.709999084472656,-0.0934489531695195,0.2354637070774368,50,0.0001,-0.0501852067461991,25.709999084472656,50,0.0001
2021-09-21,40693.67578125,24.36000061035156,-0.0501852067461991,-0.0525086939787724,27,0.0001,0.0707931140636199,24.36000061035156,27,0.0001
2021-09-22,43574.5078125,20.8700008392334,0.0707931140636199,-0.1432676389028956,21,4.8966666666666667e-05,0.0303064775724482,20.8700008392334,21,4.8966666666666667e-05
2021-09-23,44895.09765625,18.6299991607666,0.0303064775724482,-0.1073311733776182,27,-8.946666666666669e-06,-0.0457811156128283,18.6299991607666,27,-8.946666666666669e-06
2021-09-24,42839.75,17.75,-0.0457811156128283,-0.0472355985189636,33,1.5250000000000003e-05,-0.0225142671994269,17.75,33,1.5250000000000003e-05
2021-09-27,42235.73046875,18.760000228881836,-0.0225142671994269,0.0569014213454555,26,3.46e-05,-0.0284400787359118,18.760000228881836,26,3.46e-05
2021-09-28,41034.54296875,23.25,-0.0284400787359118,0.2393390040691798,25,0.0001,0.0129115685022613,23.25,25,0.0001
2021-09-29,41564.36328125,22.559999465942383,0.0129115685022613,-0.0296774423250587,24,0.0001,0.0535682751816484,22.559999465942383,24,0.0001
2021-09-30,43790.89453125,23.13999938964844,0.0535682751816484,0.0257092170849404,20,-0.0006253166666666666,0.0987887304268892,23.13999938964844,20,-0.0006253166666666666
2021-10-01,48116.94140625,21.100000381469727,0.0987887304268892,-0.0881589914428128,27,-0.00099815,0.0189408735809843,21.100000381469727,27,-0.00099815
2021-10-04,49112.90234375,22.959999084472656,0.0189408735809843,0.0881515957050125,54,-0.0005100433333333333,0.0489058891172546,22.959999084472656,54,-0.0005100433333333333
2021-10-05,51514.8125,21.299999237060547,0.0489058891172546,-0.0722996478050702,59,-0.00026539,0.0746704982911468,21.299999237060547,59,-0.00026539
2021-10-06,55361.44921875,21.0,0.0746704982911468,-0.0140844717279881,68,-0.00045111,-0.02809653406297,21.0,68,-0.00045111
2021-10-07,53805.984375,19.540000915527344,-0.02809653406297,-0.0695237659272693,76,-0.00037688666666666664,0.0030082765538104,19.540000915527344,76,-0.00037688666666666664
2021-10-08,53967.84765625,18.770000457763672,0.0030082765538104,-0.0394063675376696,74,0.0001,0.0495368406458527,18.770000457763672,74,0.0001
2021-10-11,57484.7890625,20.0,0.0495368406458527,0.0655300752391603,71,0.00019452666666666666,-0.0251149998511834,20.0,71,0.00019452666666666666
2021-10-12,56041.05859375,19.850000381469727,-0.0251149998511834,-0.0074999809265137,78,0.0001,0.0242686183421181,19.850000381469727,78,0.0001
2021-10-13,57401.09765625,18.63999938964844,0.0242686183421181,-0.0609572276356651,70,0.00010776333333333334,-0.0013862839213726,18.63999938964844,70,0.00010776333333333334
2021-10-14,57321.5234375,16.860000610351562,-0.0013862839213726,-0.0954934998702511,70,-0.00019240000000000001,0.0745344074099565,16.860000610351562,70,-0.00019240000000000001
2021-10-15,61593.94921875,16.299999237060547,0.0745344074099565,-0.0332147896214897,71,-0.00018619666666666666,0.0076755998930302,16.299999237060547,71,-0.00018619666666666666
2021-10-18,62026.078125,16.309999465942383,0.0076755998930302,0.0006135110030618,78,-0.0008835966666666667,0.036047967727284,16.309999465942383,78,-0.0008835966666666667
2021-10-19,64261.9921875,15.699999809265137,0.036047967727284,-0.037400348047283,75,-0.0003545133333333333,0.0269341751022882,15.699999809265137,75,-0.0003545133333333333
2021-10-20,65992.8359375,15.489999771118164,0.0269341751022882,-0.0133757987705862,82,-0.00045413,-0.0573193136612958,15.489999771118164,82,-0.00045413
2021-10-21,62210.171875,15.010000228881836,-0.0573193136612958,-0.0309877049276211,84,-0.00018342,-0.0243996472642762,15.010000228881836,84,-0.00018342
2021-10-22,60692.265625,15.43000030517578,-0.0243996472642762,0.0279813504256842,75,0.00067744,0.0346128236844363,15.43000030517578,75,0.00067744
2021-10-25,63039.82421875,15.239999771118164,0.0346128236844363,-0.012313709027853,72,0.00041514666666666667,-0.0424498526632005,15.239999771118164,72,0.00041514666666666667
2021-10-26,60363.79296875,15.979999542236328,-0.0424498526632005,0.0485564161569451,76,0.0005002966666666666,-0.0311677937629597,15.979999542236328,76,0.0005002966666666666
2021-10-27,58482.38671875,16.979999542236328,-0.0311677937629597,0.0625782245710913,73,0.00057687,0.0365879390369336,16.979999542236328,73,0.00057687
2021-10-28,60622.13671875,16.530000686645508,0.0365879390369336,-0.0265017001014331,66,0.0001,0.026489137663525,16.530000686645508,66,0.0001
2021-10-29,62227.96484375,16.260000228881836,0.026489137663525,-0.0163339653084106,70,0.0001,-0.0051297477399965,16.260000228881836,70,0.0001
2021-11-01,61004.40625,16.40999984741211,-0.0051297477399965,0.0092250686604442,74,-0.00016458,0.0364235344680532,16.40999984741211,74,-0.00016458
2021-11-02,63226.40234375,16.030000686645508,0.0364235344680532,-0.0231565608957959,73,0.0001,-0.0040545635881074,16.030000686645508,73,0.0001
2021-11-03,62970.046875,15.100000381469728,-0.0040545635881074,-0.0580162361409353,76,0.0001424266666666667,-0.0241037839667321,15.100000381469728,76,0.0001424266666666667
2021-11-04,61452.23046875,15.4399995803833,-0.0241037839667321,0.0225165026704774,73,0.0001,-0.0053139598841096,15.4399995803833,73,0.0001
2021-11-05,61125.67578125,16.479999542236328,-0.0053139598841096,0.0673575123133007,73,0.0007092333333333332,0.0669515471811146,16.479999542236328,73,0.0007092333333333332
2021-11-08,67566.828125,17.219999313354492,0.0669515471811146,0.0449028999801626,75,0.00027834666666666665,-0.0088060963717171,17.219999313354492,75,0.00027834666666666665
2021-11-09,66971.828125,17.780000686645508,-0.0088060963717171,0.0325204062497681,84,0.00037930666666666674,-0.0295138674213993,17.780000686645508,84,0.00037930666666666674
2021-11-10,64995.23046875,18.729999542236328,-0.0295138674213993,0.0534307547189445,75,0.0014218233333333334,-0.0006965054346836,18.729999542236328,75,0.0014218233333333334
2021-11-11,64949.9609375,17.65999984741211,-0.0006965054346836,-0.0571275878790792,77,0.0005130766666666666,-0.0122250963632459,17.65999984741211,77,0.0005130766666666666
2021-11-12,64155.94140625,16.290000915527344,-0.0122250963632459,-0.0775763841292175,74,-0.0003054666666666667,-0.0291593233239323,16.290000915527344,74,-0.0003054666666666667
2021-11-15,63557.87109375,16.489999771118164,-0.0291593233239323,0.0122773998987431,72,-2.0006666666666663e-05,-0.0534414533015095,16.489999771118164,72,-2.0006666666666663e-05
2021-11-16,60161.24609375,16.3700008392334,-0.0534414533015095,-0.0072770729866801,71,-5.923333333333329e-06,0.0034368574194389,16.3700008392334,71,-5.923333333333329e-06
2021-11-17,60368.01171875,17.110000610351562,0.0034368574194389,0.0452046263397025,52,0.00015017,-0.0567498398980057,17.110000610351562,52,0.00015017
2021-11-18,56942.13671875,17.59000015258789,-0.0567498398980057,0.0280537419704081,54,0.0001,0.0206778578061734,17.59000015258789,54,0.0001
2021-11-19,58119.578125,17.90999984741211,0.0206778578061734,0.0181921371261124,34,0.00010528333333333334,-0.0415659405964827,17.90999984741211,34,0.00010528333333333334
2021-11-22,56289.2890625,19.170000076293945,-0.0415659405964827,0.0703517721729014,50,0.00023158333333333332,0.022735855747423,19.170000076293945,50,0.00023158333333333332
2021-11-23,57569.07421875,19.3799991607666,0.022735855747423,0.0109545687864835,33,0.0001,-0.0223843870166022,19.3799991607666,33,0.0001
2021-11-24,56280.42578125,18.579999923706055,-0.0223843870166022,-0.0412796321828582,42,0.00020093666666666664,-0.064686770536555,18.579999923706055,42,0.00020093666666666664
2021-11-26,53569.765625,28.6200008392334,-0.064686770536555,0.540366036423789,47,0.0005211266666666667,0.009748898117819,28.6200008392334,47,0.0005211266666666667
2021-11-29,57806.56640625,22.959999084472656,0.009748898117819,-0.1977638570506886,33,0.0001,-0.0138589899868777,22.959999084472656,33,0.0001
2021-11-30,57005.42578125,27.190000534057617,-0.0138589899868777,0.1842335199588756,40,0.00029289666666666665,0.0039365085108058,27.190000534057617,40,0.00029289666666666665
2021-12-01,57229.828125,31.1200008392334,0.0039365085108058,0.144538441632362,34,0.0001,-0.0131402057875741,31.1200008392334,34,0.0001
2021-12-02,56477.81640625,27.950000762939453,-0.0131402057875741,-0.101863752917946,32,0.0001,-0.0509858648179134,27.950000762939453,32,0.0001
2021-12-03,53598.24609375,30.670000076293945,-0.0509858648179134,0.0973166096281865,31,0.0001,0.0245858957900213,30.670000076293945,31,0.0001
2021-12-06,50582.625,27.18000030517578,0.0245858957900213,-0.1137919713869098,16,-3.720333333333334e-05,0.0023221597831271,27.18000030517578,16,-3.720333333333334e-05
2021-12-07,50700.0859375,21.88999938964844,0.0023221597831271,-0.1946284347362568,25,-0.0006419433333333333,-0.0038518487471744,21.88999938964844,25,-0.0006419433333333333
2021-12-08,50504.796875,19.899999618530273,-0.0038518487471744,-0.0909090829878787,28,-0.0005552333333333333,-0.0560872621319695,19.899999618530273,28,-0.0005552333333333333
2021-12-09,47672.12109375,21.579999923706055,-0.0560872621319695,0.0844221275065459,29,-0.00013304333333333335,-0.0089951190845213,21.579999923706055,29,-0.00013304333333333335
2021-12-10,47243.3046875,18.690000534057617,-0.0089951190845213,-0.1339202687611558,24,-0.00023620666666666665,-0.0670851717099511,18.690000534057617,24,-0.00023620666666666665
2021-12-13,46737.48046875,20.309999465942383,-0.0670851717099511,0.0866773079504594,28,-0.00033017333333333333,-0.0026712534564946,20.309999465942383,28,-0.00033017333333333333
2021-12-14,46612.6328125,21.88999938964844,-0.0026712534564946,0.0777941883433104,21,-9.051000000000001e-05,0.049001519672527,21.88999938964844,21,-9.051000000000001e-05
2021-12-15,48896.72265625,19.290000915527344,0.049001519672527,-0.1187756302702597,28,0.0001,-0.0251815828978184,19.290000915527344,28,0.0001
2021-12-16,47665.42578125,20.56999969482422,-0.0251815828978184,0.0663555582450257,29,0.0001,-0.0306990072157418,20.56999969482422,29,0.0001
2021-12-17,46202.14453125,21.56999969482422,-0.0306990072157418,0.0486144878384036,23,0.0001,0.0037095437683511,21.56999969482422,23,0.0001
2021-12-20,46880.27734375,22.8700008392334,0.0037095437683511,0.0602689458878906,25,0.0001,0.0438635616940126,22.8700008392334,25,0.0001
2021-12-21,48936.61328125,21.010000228881836,0.0438635616940126,-0.0813292759990081,27,0.0001,-0.0062959314476722,21.010000228881836,27,0.0001
2021-12-22,48628.51171875,18.6299991607666,-0.0062959314476722,-0.1132794403706629,45,0.0001,0.0443366919436007,18.6299991607666,45,0.0001
2021-12-23,50784.5390625,17.959999084472656,0.0443366919436007,-0.0359635054468985,34,0.0001,-0.0033280706216139,17.959999084472656,34,0.0001
2021-12-27,50640.41796875,17.68000030517578,-0.0033280706216139,-0.0155901332722755,40,0.0002532633333333333,-0.0602594256209162,17.68000030517578,40,0.0002532633333333333
2021-12-28,47588.85546875,17.540000915527344,-0.0602594256209162,-0.0079185173773698,41,0.00014299333333333335,-0.0240422788062495,17.540000915527344,41,0.00014299333333333335
2021-12-29,46444.7109375,16.950000762939453,-0.0240422788062495,-0.0336374071717174,27,0.0001,0.0157911212643124,16.950000762939453,27,0.0001
2021-12-30,47178.125,17.329999923706055,0.0157911212643124,0.0224188285346544,22,0.0001,-0.0184763529177982,17.329999923706055,22,0.0001
2021-12-31,46306.4453125,17.219999313354492,-0.0184763529177982,-0.0063474097424022,28,0.0001,-0.0187368774698079,17.219999313354492,28,0.0001
2022-01-03,46458.1171875,16.600000381469727,-0.0187368774698079,-0.0360045851688242,29,7.93e-05,-0.0120655550135126,16.600000381469727,29,7.93e-05
2022-01-04,45897.57421875,16.90999984741211,-0.0120655550135126,0.0186746661938892,23,0.0001523766666666667,-0.0507340606150975,16.90999984741211,23,0.0001523766666666667
2022-01-05,43569.00390625,19.729999542236328,-0.0507340606150975,0.1667652111336823,24,0.0001,-0.0093661590158929,19.729999542236328,24,0.0001
2022-01-06,43160.9296875,19.61000061035156,-0.0093661590158929,-0.0060820544687738,15,9.08e-05,-0.0371407046918699,19.61000061035156,15,9.08e-05
2022-01-07,41557.90234375,18.760000228881836,-0.0371407046918699,-0.043345250128194,18,-7.733333333333334e-06,-0.0021554853640055,18.760000228881836,18,-7.733333333333334e-06
2022-01-10,41821.26171875,19.399999618530273,-0.0021554853640055,0.0341151056417969,23,6.110000000000001e-05,0.0218691094532414,19.399999618530273,23,6.110000000000001e-05
2022-01-11,42735.85546875,18.40999984741211,0.0218691094532414,-0.0510309170404594,21,5.966666666666667e-05,0.0283894186846727,18.40999984741211,21,5.966666666666667e-05
2022-01-12,43949.1015625,17.6200008392334,0.0283894186846727,-0.0429114076440234,22,-0.0005549,-0.0308887144841734,17.6200008392334,22,-0.0005549
2022-01-13,42591.5703125,20.309999465942383,-0.0308887144841734,0.1526673381717058,21,-0.0006376,0.0119302693589786,20.309999465942383,21,-0.0006376
2022-01-14,43099.69921875,19.190000534057617,0.0119302693589786,-0.0551451975054395,21,-0.00054311,0.0029604828561313,19.190000534057617,21,-0.00054311
2022-01-18,42375.6328125,22.790000915527344,0.0029604828561313,0.1875977217968596,24,-0.00025317666666666667,-0.0148978232441587,22.790000915527344,24,-0.00025317666666666667
2022-01-19,41744.328125,23.850000381469727,-0.0148978232441587,0.0465116026046397,24,-0.00040551333333333335,-0.025486340397292,23.850000381469727,24,-0.00040551333333333335
2022-01-20,40680.41796875,25.59000015258789,-0.025486340397292,0.0729559640791477,24,-0.00011715,-0.1038116561571248,25.59000015258789,24,-0.00011715
2022-01-21,36457.31640625,28.850000381469727,-0.1038116561571248,0.1273935212756205,19,0.0001,0.010406744495611,28.850000381469727,19,0.0001
2022-01-24,36654.328125,29.899999618530273,0.010406744495611,0.0363951203874146,13,1.5166666666666667e-05,0.0081757270308715,29.899999618530273,13,1.5166666666666667e-05
2022-01-25,36954.00390625,31.15999984741211,0.0081757270308715,0.0421404764199715,12,-0.00011739666666666668,-0.0027570168785626,31.15999984741211,12,-0.00011739666666666668
2022-01-26,36852.12109375,31.959999084472656,-0.0027570168785626,0.0256739165910806,23,-0.00020416,0.0077638212607122,31.959999084472656,23,-0.00020416
2022-01-27,37138.234375,30.489999771118164,0.0077638212607122,-0.0459949735752236,20,-0.00025006666666666666,0.017397102127314,30.489999771118164,20,-0.00025006666666666666
2022-01-28,37784.33203125,27.65999984741211,0.017397102127314,-0.0928173153476632,24,-6.386333333333333e-05,0.0149145361045013,27.65999984741211,24,-6.386333333333333e-05
2022-01-31,38483.125,24.829999923706055,0.0149145361045013,-0.1023138083629032,20,9.596666666666666e-05,0.0067600652883568,24.829999923706055,20,9.596666666666666e-05
2022-02-01,38743.2734375,21.959999084472656,0.0067600652883568,-0.1155860188502582,26,-4.381333333333334e-05,-0.0462090294303103,21.959999084472656,26,-4.381333333333334e-05
2022-02-02,36952.984375,22.09000015258789,-0.0462090294303103,0.005919903166442,28,-2.8663333333333337e-05,0.0054560461329451,22.09000015258789,28,-2.8663333333333337e-05
2022-02-03,37154.6015625,24.350000381469727,0.0054560461329451,0.1023087466396903,20,-2.4266666666666666e-05,0.116978066100073,24.350000381469727,20,-2.4266666666666666e-05
2022-02-04,41500.875,23.219999313354492,0.116978066100073,-0.0464066139799801,20,-9.112999999999999e-05,0.0336658720453715,23.219999313354492,20,-9.112999999999999e-05
2022-02-07,43840.28515625,22.86000061035156,0.0336658720453715,-0.0155038205705666,45,-8.644e-05,0.0063448528050995,22.86000061035156,45,-8.644e-05
2022-02-08,44118.4453125,21.440000534057617,0.0063448528050995,-0.0621172370245228,48,9.063333333333333e-05,0.0049945450466173,21.440000534057617,48,9.063333333333333e-05
2022-02-09,44338.796875,19.959999084472656,0.0049945450466173,-0.0690299166380133,54,6.186666666666668e-05,-0.0174493592131327,19.959999084472656,54,6.186666666666668e-05
2022-02-10,43565.11328125,23.90999984741211,-0.0174493592131327,0.1978958388836926,50,-9.827666666666669e-05,-0.0265619826070333,23.90999984741211,50,-9.827666666666669e-05
2022-02-11,42407.9375,27.36000061035156,-0.0265619826070333,0.1442911244231088,50,-2.3366666666666674e-06,0.0092280869615768,27.36000061035156,50,-2.3366666666666674e-06
2022-02-14,42586.91796875,28.329999923706055,0.0092280869615768,0.0354531904866806,46,0.0001,0.0466876977974548,28.329999923706055,46,0.0001
2022-02-15,44575.203125,25.700000762939453,0.0466876977974548,-0.0928344217384152,46,0.0001,-0.0137597522164965,25.700000762939453,46,0.0001
2022-02-16,43961.859375,24.290000915527344,-0.0137597522164965,-0.0548638056635932,51,-0.00016107333333333334,-0.0778822302997733,24.290000915527344,51,-0.00016107333333333334
2022-02-17,40538.01171875,28.11000061035156,-0.0778822302997733,0.1572663462677059,52,-7.376e-05,-0.0125076473845776,28.11000061035156,52,-7.376e-05
2022-02-18,40030.9765625,27.75,-0.0125076473845776,-0.0128068517443927,30,-3.484666666666666e-05,0.0326564237122273,27.75,30,-3.484666666666666e-05
2022-02-22,38286.02734375,28.809999465942383,0.0326564237122273,0.0381981789528786,20,4.626666666666667e-05,-0.0258438156136229,28.809999465942383,20,4.626666666666667e-05
2022-02-23,37296.5703125,31.020000457763672,-0.0258438156136229,0.0767095117246994,25,-4.4256666666666666e-05,0.0277784003681638,31.020000457763672,25,-4.4256666666666666e-05
2022-02-24,38332.609375,30.31999969482422,0.0277784003681638,-0.0225661106579467,23,6.452e-05,0.0229989397897596,30.31999969482422,23,6.452e-05
2022-02-25,39214.21875,27.59000015258789,0.0229989397897596,-0.0900395636449281,27,-0.0001905866666666667,0.1454118392886461,27.59000015258789,27,-0.0001905866666666667
2022-02-28,43193.234375,30.149999618530273,0.1454118392886461,0.0927872218841672,20,8.053333333333334e-05,0.026888524570001,30.149999618530273,20,8.053333333333334e-05
2022-03-01,44354.63671875,33.31999969482422,0.026888524570001,0.1051409657181439,51,0.0001,-0.0097063027250092,33.31999969482422,51,0.0001
2022-03-02,43924.1171875,30.739999771118164,-0.0097063027250092,-0.0774309708084066,52,-1.4643333333333331e-05,-0.0335198114219356,30.739999771118164,52,-1.4643333333333331e-05
2022-03-03,42451.7890625,30.479999542236328,-0.0335198114219356,-0.0084580426420861,39,-0.00014935666666666668,-0.0780693503604916,30.479999542236328,39,-0.00014935666666666668
2022-03-04,39137.60546875,31.979999542236328,-0.0780693503604916,0.0492125991642959,33,-0.00028086666666666665,-0.0093166438852826,31.979999542236328,33,-0.00028086666666666665
2022-03-07,38062.0390625,36.45000076293945,-0.0093166438852826,0.1397748994586303,23,-0.00043503000000000004,0.0177402599908331,36.45000076293945,23,-0.00043503000000000004
2022-03-08,38737.26953125,35.130001068115234,0.0177402599908331,-0.0362139826390985,21,-0.0004265466666666666,0.083786397164149,35.130001068115234,21,-0.0004265466666666666
2022-03-09,41982.92578125,32.45000076293945,0.083786397164149,-0.0762880792397188,22,-0.00017341999999999998,-0.0606309540457713,32.45000076293945,22,-0.00017341999999999998
2022-03-10,39437.4609375,30.229999542236328,-0.0606309540457713,-0.0684129789987108,28,0.0001,-0.0162913196229393,30.229999542236328,28,0.0001
2022-03-11,38794.97265625,30.75,-0.0162913196229393,0.0172014709109453,22,6.06e-05,0.0480080837903738,30.75,22,6.06e-05
2022-03-14,39666.75390625,31.770000457763672,0.0480080837903738,0.0331707465939405,23,3.72e-05,-0.0082681015637209,31.770000457763672,23,3.72e-05
2022-03-15,39338.78515625,29.829999923706055,-0.0082681015637209,-0.0610639126882208,21,0.0001,0.045887144813449,29.829999923706055,21,0.0001
2022-03-16,41143.9296875,26.670000076293945,0.045887144813449,-0.1059336190242776,24,0.0001,-0.0046799317107646,26.670000076293945,24,0.0001
2022-03-17,40951.37890625,25.670000076293945,-0.0046799317107646,-0.0374953129786027,27,0.0001,0.0207508847429873,25.670000076293945,27,0.0001
2022-03-18,41801.15625,23.8700008392334,0.0207508847429873,-0.0701207336077428,25,2.1133333333333337e-05,-0.0041172626245532,23.8700008392334,25,2.1133333333333337e-05
2022-03-21,41077.99609375,23.530000686645508,-0.0041172626245532,-0.0142438265870965,30,9.606666666666667e-05,0.0311800141632243,23.530000686645508,30,9.606666666666667e-05
2022-03-22,42358.80859375,22.940000534057617,0.0311800141632243,-0.0250743788937816,26,3.563333333333334e-05,0.0126100911530078,22.940000534057617,26,3.563333333333334e-05
2022-03-23,42892.95703125,23.56999969482422,0.0126100911530078,0.027462909594587,31,2.0733333333333337e-05,0.024898646221148,23.56999969482422,31,2.0733333333333337e-05
2022-03-24,43960.93359375,21.670000076293945,0.024898646221148,-0.0806109309771224,40,8.91e-05,0.0088213976205258,21.670000076293945,40,8.91e-05
2022-03-25,44348.73046875,20.809999465942383,0.0088213976205258,-0.0396862301487652,47,0.0001,0.0065678873583499,20.809999465942383,47,0.0001
2022-03-28,47128.00390625,19.6299991607666,0.0065678873583499,-0.0567035240489538,60,2.2566666666666665e-05,0.007166154611,19.6299991607666,60,2.2566666666666665e-05
2022-03-29,47465.73046875,18.899999618530273,0.007166154611,-0.0371879558556139,56,0.0001,-0.0084917350321905,18.899999618530273,56,0.0001
2022-03-30,47062.6640625,19.329999923706055,-0.0084917350321905,0.022751339357393,55,0.0001,-0.0323821082297023,19.329999923706055,55,0.0001
2022-03-31,45538.67578125,20.559999465942383,-0.0323821082297023,0.0636316372007779,52,0.0001,0.0163151153882676,20.559999465942383,52,0.0001
2022-04-01,46281.64453125,19.6299991607666,0.0163151153882676,-0.0452334790531646,50,-2.4470000000000005e-05,0.0036403959498199,19.6299991607666,50,-2.4470000000000005e-05
2022-04-04,46622.67578125,18.56999969482422,0.0036403959498199,-0.0539989562536989,52,8.669999999999999e-05,-0.0228790728090081,18.56999969482422,52,8.669999999999999e-05
2022-04-05,45555.9921875,21.030000686645508,-0.0228790728090081,0.1324717841813931,53,5.690666666666666e-05,-0.0515684939224001,21.030000686645508,53,5.690666666666666e-05
2022-04-06,43206.73828125,22.100000381469727,-0.0515684939224001,0.0508796795001387,48,-1.9836666666666663e-05,0.0068764592473051,22.100000381469727,48,-1.9836666666666663e-05
2022-04-07,43503.84765625,21.549999237060547,0.0068764592473051,-0.0248869291816999,34,-8.197333333333333e-05,-0.0279557707943397,21.549999237060547,34,-8.197333333333333e-05
2022-04-08,42287.6640625,21.15999984741211,-0.0279557707943397,-0.0180974201139523,37,-7.816333333333334e-05,-0.0636322595381245,21.15999984741211,37,-7.816333333333334e-05
2022-04-11,39521.90234375,24.3700008392334,-0.0636322595381245,0.1517013712178205,32,-1.0119999999999996e-05,0.0153150838928612,24.3700008392334,32,-1.0119999999999996e-05
2022-04-12,40127.18359375,24.260000228881836,0.0153150838928612,-0.0045137712992801,20,-8.373333333333334e-05,0.0259063004651518,24.260000228881836,20,-8.373333333333334e-05
2022-04-13,41166.73046875,21.81999969482422,0.0259063004651518,-0.1005771026808468,25,-0.00025004333333333335,-0.0299080065317459,21.81999969482422,25,-0.00025004333333333335
2022-04-14,39935.515625,22.700000762939453,-0.0299080065317459,0.0403300220175517,28,-0.00025999,0.0279291746086074,22.700000762939453,28,-0.00025999
2022-04-18,40826.21484375,22.170000076293945,0.0279291746086074,-0.023348047085126,24,-6.934333333333334e-05,0.0165710967533785,22.170000076293945,24,-6.934333333333334e-05
2022-04-19,41502.75,21.3700008392334,0.0165710967533785,-0.0360847647409786,27,-8.030666666666667e-05,-0.003093074404708,21.3700008392334,27,-8.030666666666667e-05
2022-04-20,41374.37890625,20.31999969482422,-0.003093074404708,-0.0491343520437056,27,0.0001,-0.0204719840488541,20.31999969482422,27,0.0001
2022-04-21,40527.36328125,22.68000030517578,-0.0204719840488541,0.1161417640647251,27,0.0001,-0.0194200388337162,22.68000030517578,27,0.0001
2022-04-22,39740.3203125,28.209999084472656,-0.0194200388337162,0.2438271033900683,26,7.986666666666668e-05,0.0250578500553089,28.209999084472656,26,7.986666666666668e-05
2022-04-25,40458.30859375,27.020000457763672,0.0250578500553089,-0.0421835755168097,23,-3.2166666666666665e-05,-0.0578582678716236,27.020000457763672,23,-3.2166666666666665e-05
2022-04-26,38117.4609375,33.52000045776367,-0.0578582678716236,0.2405625421864992,27,9.466666666666667e-06,0.029478882606909,33.52000045776367,27,9.466666666666667e-06
2022-04-27,39241.12109375,31.600000381469727,0.029478882606909,-0.0572792377706918,21,7.903333333333333e-05,0.013575224570606,31.600000381469727,21,7.903333333333333e-05
2022-04-28,39773.828125,29.989999771118164,0.013575224570606,-0.0509493857884782,24,-1.3233333333333333e-05,-0.0292655738992938,29.989999771118164,24,-1.3233333333333333e-05
2022-04-29,38609.82421875,33.400001525878906,-0.0292655738992938,0.1137046275687116,23,-4.866333333333333e-05,0.0015657861708791,33.400001525878906,23,-4.866333333333333e-05
2022-05-02,38529.328125,32.34000015258789,0.0015657861708791,-0.0317365666127202,28,-5.767000000000001e-05,-0.0202151202188917,32.34000015258789,28,-5.767000000000001e-05
2022-05-03,37750.453125,29.25,-0.0202151202188917,-0.0955473141004492,27,-9.371333333333335e-05,0.0515998566242374,29.25,27,-9.371333333333335e-05
2022-05-04,39698.37109375,25.420000076293945,0.0515998566242374,-0.1309401683318309,21,-0.00011996333333333334,-0.0786740206890179,25.420000076293945,21,-0.00011996333333333334
2022-05-05,36575.140625,31.200000762939453,-0.0786740206890179,0.2273800420652159,27,2.2466666666666666e-05,-0.0146060614086839,31.200000762939453,27,2.2466666666666666e-05
2022-05-06,36040.921875,30.190000534057617,-0.0146060614086839,-0.0323718014161573,22,-0.00014854333333333335,-0.1104636999935314,30.190000534057617,22,-0.00014854333333333335
2022-05-09,30296.953125,34.75,-0.1104636999935314,0.151043371489782,11,0.0001,0.0239612584805093,34.75,11,0.0001
2022-05-10,31022.90625,32.9900016784668,0.0239612584805093,-0.0506474337131857,10,-0.00023327666666666668,-0.0672583917327216,32.9900016784668,10,-0.00023327666666666668
2022-05-11,28936.35546875,32.560001373291016,-0.0672583917327216,-0.0130342613912762,12,-0.00028154,0.0038497067986085,32.560001373291016,12,-0.00028154
2022-05-12,29047.751953125,31.770000457763672,0.0038497067986085,-0.0242629263577176,12,-0.0005987933333333333,0.0081022298345081,31.770000457763672,12,-0.0005987933333333333
2022-05-13,29283.103515625,28.8700008392334,0.0081022298345081,-0.0912810694600287,10,-0.00088862,-0.0460690015571287,28.8700008392334,10,-0.00088862
2022-05-16,29862.91796875,27.469999313354492,-0.0460690015571287,-0.0484932970274233,14,-0.00037725666666666666,0.01885078523519,27.469999313354492,14,-0.00037725666666666666
2022-05-17,30425.857421875,26.100000381469727,0.01885078523519,-0.0498725506417738,8,-0.0001731,-0.0560571198980821,26.100000381469727,8,-0.0001731
2022-05-18,28720.271484375,30.959999084472656,-0.0560571198980821,0.1862068441368067,12,-0.00039915666666666665,0.0555030442824064,30.959999084472656,12,-0.00039915666666666665
2022-05-19,30314.333984375,29.350000381469727,0.0555030442824064,-0.0520025436244405,13,-0.0004438066666666667,-0.036734890846488,29.350000381469727,13,-0.0004438066666666667
2022-05-20,29200.740234375,29.43000030517578,-0.036734890846488,0.0027257213855629,13,-0.0003054866666666667,-0.0403912314422766,29.43000030517578,13,-0.0003054866666666667
2022-05-23,29098.91015625,28.479999542236328,-0.0403912314422766,-0.0322800119975662,10,-4.5360000000000006e-05,0.0191304684010797,28.479999542236328,10,-4.5360000000000006e-05
2022-05-24,29655.5859375,29.450000762939453,0.0191304684010797,0.0340590321732483,12,-0.00016188000000000002,-0.0031435767133879,29.450000762939453,12,-0.00016188000000000002
2022-05-25,29562.361328125,28.3700008392334,-0.0031435767133879,-0.0366723224355617,11,-8.927666666666666e-05,-0.0099835299174566,28.3700008392334,11,-8.927666666666666e-05
2022-05-26,29267.224609375,27.5,-0.0099835299174566,-0.0306662253612012,12,-0.0002481366666666667,-0.021855519242508,27.5,12,-0.0002481366666666667
2022-05-27,28627.57421875,25.719999313354492,-0.021855519242508,-0.0647272976962003,12,-0.0003115733333333333,0.0020777630413166,25.719999313354492,12,-0.0003115733333333333
2022-05-31,31792.310546875,26.190000534057617,0.0020777630413166,0.0182737649008835,16,6.023333333333333e-05,-0.0626953635789118,26.190000534057617,16,6.023333333333333e-05
2022-06-01,29799.080078125,25.690000534057617,-0.0626953635789118,-0.0190912558153558,17,3.5100000000000006e-05,0.0224304979003586,25.690000534057617,17,3.5100000000000006e-05
2022-06-02,30467.48828125,24.719999313354492,0.0224304979003586,-0.0377579291762637,13,-2.6369999999999993e-05,-0.0250462935836958,24.719999313354492,13,-2.6369999999999993e-05
2022-06-03,29704.390625,24.790000915527344,-0.0250462935836958,0.0028317801018318,10,-8.040666666666667e-05,0.0489526300284133,24.790000915527344,10,-8.040666666666667e-05
2022-06-06,31370.671875,25.06999969482422,0.0489526300284133,0.01129482730763,13,6.626666666666669e-06,-0.0068596987731873,25.06999969482422,13,6.626666666666669e-06
2022-06-07,31155.478515625,24.020000457763672,-0.0068596987731873,-0.0418826984380586,15,-0.00020685666666666667,-0.030207305158321,24.020000457763672,15,-0.00020685666666666667
2022-06-08,30214.35546875,23.959999084472656,-0.030207305158321,-0.0024979755265417,17,-0.00013704333333333334,-0.0033877082693644,23.959999084472656,17,-0.00013704333333333334
2022-06-09,30111.998046875,26.09000015258789,-0.0033877082693644,0.0888982115819689,11,-0.0002504366666666667,-0.0341456371568045,26.09000015258789,11,-0.0002504366666666667
2022-06-10,29083.8046875,27.75,-0.0341456371568045,0.0636259040898261,13,-0.00017366333333333336,-0.159747260276172,27.75,13,-0.00017366333333333336
2022-06-13,22487.388671875,34.02000045776367,-0.159747260276172,0.2259459624419342,11,-0.00015848333333333333,-0.0124779140530416,34.02000045776367,11,-0.00015848333333333333
2022-06-14,22206.79296875,32.689998626708984,-0.0124779140530416,-0.0390947035026029,8,-2.611666666666666e-05,0.0164835541770984,32.689998626708984,8,-2.611666666666666e-05
2022-06-15,22572.83984375,29.6200008392334,0.0164835541770984,-0.0939124477346193,7,-0.00011652,-0.0970719443496029,29.6200008392334,7,-0.00011652
2022-06-16,20381.650390625,32.95000076293945,-0.0970719443496029,0.1124240320511833,7,8.516666666666666e-06,0.0044074954445947,32.95000076293945,7,8.516666666666666e-06
2022-06-17,20471.482421875,31.1299991607666,0.0044074954445947,-0.0552352522012654,9,-3.9840000000000005e-05,0.0053914098304885,31.1299991607666,9,-3.9840000000000005e-05
2022-06-21,20710.59765625,30.190000534057617,0.0053914098304885,-0.0301959091567748,9,-1.7233333333333333e-05,-0.0349371066631987,30.190000534057617,9,-1.7233333333333333e-05
2022-06-22,19987.029296875,28.950000762939453,-0.0349371066631987,-0.0410731947394075,11,-0.00019799333333333333,0.0549780380029665,28.950000762939453,11,-0.00019799333333333333
2022-06-23,21085.876953125,29.049999237060547,0.0549780380029665,0.0034541786350867,11,-8.274999999999999e-05,0.0069135989553137,29.049999237060547,11,-8.274999999999999e-05
2022-06-24,21231.65625,27.229999542236328,0.0069135989553137,-0.0626505935498391,11,-0.00029621666666666667,-0.0138779813254257,27.229999542236328,11,-0.00029621666666666667
2022-06-27,20735.478515625,26.950000762939453,-0.0138779813254257,-0.0102827316931302,12,-2.470666666666666e-05,-0.0219355318787197,26.950000762939453,12,-2.470666666666666e-05
2022-06-28,20280.634765625,28.36000061035156,-0.0219355318787197,0.0523191023189537,10,-2.9336666666666663e-05,-0.0087083727982888,28.36000061035156,10,-2.9336666666666663e-05
2022-06-29,20104.0234375,28.15999984741211,-0.0087083727982888,-0.0070522129278958,13,-2.2573333333333333e-05,-0.0158822375029873,28.15999984741211,13,-2.2573333333333333e-05
2022-06-30,19784.7265625,28.709999084472656,-0.0158822375029873,0.0195312230128115,11,4.1500000000000006e-05,-0.0260483445839889,28.709999084472656,11,4.1500000000000006e-05
2022-07-01,19269.3671875,26.700000762939453,-0.0260483445839889,-0.070010393090548,11,1.0266666666666668e-05,-0.0020338071321012,26.700000762939453,11,1.0266666666666668e-05
2022-07-05,20190.115234375,27.540000915527344,-0.0020338071321012,0.0314606789732321,19,-9.900000000000002e-06,0.0177379304287108,27.540000915527344,19,-9.900000000000002e-06
2022-07-06,20548.24609375,26.729999542236328,0.0177379304287108,-0.029411813593453,18,-4.434e-05,0.0530138578205141,26.729999542236328,18,-4.434e-05
2022-07-07,21637.587890625,26.079999923706055,0.0530138578205141,-0.0243172326846921,18,-7.166666666666667e-05,0.0043225380457274,26.079999923706055,18,-7.166666666666667e-05
2022-07-08,21731.1171875,24.63999938964844,0.0043225380457274,-0.0552147445655739,20,-6.633333333333332e-06,-0.04265931997884,24.63999938964844,20,-6.633333333333332e-06
2022-07-11,19970.556640625,26.170000076293945,-0.04265931997884,0.0620941852493828,22,3.626666666666667e-05,-0.0323797974068269,26.170000076293945,22,3.626666666666667e-05
2022-07-12,19323.9140625,27.290000915527344,-0.0323797974068269,0.0427971278551102,16,-5.680666666666667e-05,0.0459617111407861,27.290000915527344,16,-5.680666666666667e-05
2022-07-13,20212.07421875,26.81999969482422,0.0459617111407861,-0.0172224699499993,15,-8.029333333333333e-05,0.0177045512129101,26.81999969482422,15,-8.029333333333333e-05
2022-07-14,20569.919921875,26.399999618530273,0.0177045512129101,-0.0156599582801262,18,-0.00010328000000000001,0.012951348577769,26.399999618530273,18,-0.00010328000000000001
2022-07-15,20836.328125,24.229999542236328,0.012951348577769,-0.0821969737746061,15,3.1366666666666666e-05,0.0821174009946776,24.229999542236328,15,3.1366666666666666e-05
2022-07-18,22485.689453125,25.299999237060547,0.0821174009946776,0.0441601203070209,20,8.723333333333334e-05,0.0401919693193753,25.299999237060547,20,8.723333333333334e-05
2022-07-19,23389.43359375,24.5,0.0401919693193753,-0.0316205241575134,30,7.993333333333333e-05,-0.0067424108943424,24.5,30,7.993333333333333e-05
2022-07-20,23231.732421875,23.8799991607666,-0.0067424108943424,-0.0253061567034039,31,6.709666666666668e-05,-0.0028884421706671,23.8799991607666,31,6.709666666666668e-05
2022-07-21,23164.62890625,23.11000061035156,-0.0028884421706671,-0.0322444965442084,34,-3.0426666666666664e-05,-0.0194110767949181,23.11000061035156,34,-3.0426666666666664e-05
2022-07-22,22714.978515625,23.030000686645508,-0.0194110767949181,-0.003461701496893,33,2.2666666666666668e-05,-0.0551751001132353,23.030000686645508,33,2.2666666666666668e-05
2022-07-25,21361.701171875,23.36000061035156,-0.0551751001132353,0.0143291321696492,30,-4.833333333333334e-06,-0.0057086869928485,23.36000061035156,30,-4.833333333333334e-06
2022-07-26,21239.75390625,24.690000534057617,-0.0057086869928485,0.0569349267532419,26,-6.934333333333334e-05,0.0796052030234431,24.690000534057617,26,-6.934333333333334e-05
2022-07-27,22930.548828125,23.239999771118164,0.0796052030234431,-0.0587282596830772,28,7.950000000000004e-06,0.0398306162434614,23.239999771118164,28,7.950000000000004e-06
2022-07-28,23843.88671875,22.329999923706055,0.0398306162434614,-0.0391566203259186,32,0.0001,-0.0016462880701044,22.329999923706055,32,0.0001
2022-07-29,23804.6328125,21.329999923706055,-0.0016462880701044,-0.0447828035565005,39,0.0001,-0.0009725914343493,21.329999923706055,39,0.0001
2022-08-01,23314.19921875,22.84000015258789,-0.0009725914343493,0.0707923222823656,33,0.0001,-0.014415336683737,22.84000015258789,33,0.0001
2022-08-02,22978.1171875,23.93000030517578,-0.014415336683737,0.0477232988312563,31,0.0001,-0.0057275961266136,23.93000030517578,31,0.0001
2022-08-03,22846.5078125,21.950000762939453,-0.0057275961266136,-0.0827413086914201,34,0.0001,-0.0094347365041087,21.950000762939453,34,0.0001
2022-08-04,22630.95703125,21.440000534057617,-0.0094347365041087,-0.0232346337656135,30,0.0001,0.0290910110856517,21.440000534057617,30,0.0001
2022-08-05,23289.314453125,21.149999618530273,0.0290910110856517,-0.0135261617678915,31,0.0001,0.0273385697825798,21.149999618530273,31,0.0001
2022-08-08,23809.486328125,21.290000915527344,0.0273385697825798,0.006619446785919,30,0.0001,-0.0270970973442586,21.290000915527344,30,0.0001
2022-08-09,23164.318359375,21.770000457763672,-0.0270970973442586,0.0225457736775507,42,0.0001,0.0338159839887097,21.770000457763672,42,0.0001
2022-08-10,23947.642578125,19.739999771118164,0.0338159839887097,-0.0932476180045996,31,0.0001,0.0004128472653517,19.739999771118164,31,0.0001
2022-08-11,23957.529296875,20.200000762939453,0.0004128472653517,0.0233029887109887,41,0.0001,0.0185866020231928,20.200000762939453,41,0.0001
2022-08-12,24402.818359375,19.530000686645508,0.0185866020231928,-0.0331683193558676,42,0.0001,-0.0074986152269698,19.530000686645508,42,0.0001
2022-08-15,24136.97265625,19.950000762939453,-0.0074986152269698,0.021505379494489,45,0.0001,-0.010510085263709,19.950000762939453,45,0.0001
2022-08-16,23883.291015625,19.690000534057617,-0.010510085263709,-0.0130325924280079,44,0.0001,-0.0229153079611996,19.690000534057617,44,0.0001
2022-08-17,23335.998046875,19.899999618530273,-0.0229153079611996,0.010665265554941,41,6.778e-05,-0.005281958173694,19.899999618530273,41,6.778e-05
2022-08-18,23212.73828125,19.559999465942383,-0.005281958173694,-0.0170854351309279,30,-5.776666666666667e-05,-0.1005993139879252,19.559999465942383,30,-5.776666666666667e-05
2022-08-19,20877.552734375,20.600000381469727,-0.1005993139879252,0.053169782409155,33,-3.573333333333333e-05,-0.006279006699941,20.600000381469727,33,-3.573333333333333e-05
2022-08-22,21398.908203125,23.799999237060547,-0.006279006699941,0.1553397473948257,29,-0.00020283333333333332,0.0060367419811229,23.799999237060547,29,-0.00020283333333333332
2022-08-23,21528.087890625,24.11000061035156,0.0060367419811229,0.0130252682028784,28,-0.00016377333333333333,-0.006181150878381,24.11000061035156,28,-0.00016377333333333333
2022-08-24,21395.01953125,22.81999969482422,-0.006181150878381,-0.0535048064235006,25,-0.00010391333333333334,0.0096230230275919,22.81999969482422,25,-0.00010391333333333334
2022-08-25,21600.904296875,21.780000686645508,0.0096230230275919,-0.0455740149906571,25,5.853333333333333e-05,-0.0620753995849602,21.780000686645508,25,5.853333333333333e-05
2022-08-26,20260.01953125,25.559999465942383,-0.0620753995849602,0.1735536574897629,27,-5.766666666666664e-06,0.0347242764174429,25.559999465942383,27,-5.766666666666664e-06
2022-08-29,20297.994140625,26.209999084472656,0.0347242764174429,0.0254303455442701,24,-0.00012957,-0.0246913829712814,26.209999084472656,24,-0.00012957
2022-08-30,19796.80859375,26.209999084472656,-0.0246913829712814,0.0,27,-4.1796666666666666e-05,0.0127775685119702,26.209999084472656,27,-4.1796666666666666e-05
2022-08-31,20049.763671875,25.8700008392334,0.0127775685119702,-0.0129720815381745,23,2.0463333333333334e-05,0.0038592451457939,25.8700008392334,23,2.0463333333333334e-05
2022-09-01,20127.140625,25.559999465942383,0.0038592451457939,-0.0119830445780612,20,1.0363333333333336e-05,-0.0078187529742566,25.559999465942383,20,1.0363333333333336e-05
2022-09-02,19969.771484375,25.469999313354492,-0.0078187529742566,-0.0035211328039271,25,-6.956e-05,-0.0491966923286369,25.469999313354492,25,-6.956e-05
2022-09-06,18837.66796875,26.90999984741211,-0.0491966923286369,0.0565371249657864,22,3.6200000000000006e-05,0.024029314602578,26.90999984741211,22,3.6200000000000006e-05
2022-09-07,19290.32421875,24.63999938964844,0.024029314602578,-0.0843552757575349,24,-0.0003310233333333333,0.0020481649337233,24.63999938964844,24,-0.0003310233333333333
2022-09-08,19329.833984375,23.61000061035156,0.0020481649337233,-0.0418018995458899,20,4.543333333333334e-05,0.1061218819071676,23.61000061035156,20,4.543333333333334e-05
2022-09-09,21381.15234375,22.790000915527344,0.1061218819071676,-0.0347310323433324,22,7.473333333333334e-05,0.0276166242548017,22.790000915527344,22,7.473333333333334e-05
2022-09-12,22370.44921875,23.8700008392334,0.0276166242548017,0.0473892005405855,25,-0.00011738333333333335,-0.0927000690608337,23.8700008392334,25,-0.00011738333333333335
2022-09-13,20296.70703125,27.270000457763672,-0.0927000690608337,0.1424381859652865,34,-0.00011697333333333334,-0.0027402074343571,27.270000457763672,34,-0.00011697333333333334
2022-09-14,20241.08984375,26.15999984741211,-0.0027402074343571,-0.0407040921055631,27,-3.707e-05,-0.0266724228002328,26.15999984741211,27,-3.707e-05
2022-09-15,19701.2109375,26.270000457763672,-0.0266724228002328,0.0042049163223694,28,-1.7790000000000004e-05,0.0036227746152976,26.270000457763672,28,-1.7790000000000004e-05
2022-09-16,19772.583984375,26.299999237060547,0.0036227746152976,0.001141940570009,20,-8.705666666666667e-05,0.006417415961943,26.299999237060547,20,-8.705666666666667e-05
2022-09-19,19544.12890625,25.760000228881836,0.006417415961943,-0.020532282275422,21,-0.00012080000000000001,-0.0334289569457899,25.760000228881836,21,-0.00012080000000000001
2022-09-20,18890.7890625,27.15999984741211,-0.0334289569457899,0.0543478107954598,23,4.5e-06,-0.0181775716588069,27.15999984741211,23,4.5e-06
2022-09-21,18547.400390625,27.989999771118164,-0.0181775716588069,0.0305596439016599,23,-9.012e-05,0.0466992878992791,27.989999771118164,23,-9.012e-05
2022-09-22,19413.55078125,27.350000381469727,0.0466992878992791,-0.0228652874198601,22,-0.00017182333333333333,-0.005970680514919,27.350000381469727,22,-0.00017182333333333333
2022-09-23,19297.638671875,29.920000076293945,-0.005970680514919,0.0939670807670429,20,-4.04e-05,0.0223684732650133,29.920000076293945,20,-4.04e-05
2022-09-26,19222.671875,32.2599983215332,0.0223684732650133,0.0782084973018857,21,-0.00011783666666666667,-0.0058329560390522,32.2599983215332,21,-0.00011783666666666667
2022-09-27,19110.546875,32.599998474121094,-0.0058329560390522,0.0105393729162392,20,1.154e-05,0.0165444678372135,32.599998474121094,20,1.154e-05
2022-09-28,19426.720703125,30.18000030517578,0.0165444678372135,-0.074233076141595,20,-0.00022136,0.0075324127196341,30.18000030517578,20,-0.00022136
2022-09-29,19573.05078125,31.84000015258789,0.0075324127196341,0.0550033078405047,22,-0.00010016,-0.0072171538473359,31.84000015258789,22,-0.00010016
2022-09-30,19431.7890625,31.6200008392334,-0.0072171538473359,-0.0069095261400811,21,-0.00012551,0.0304279241559197,31.6200008392334,21,-0.00012551
2022-10-03,19623.580078125,30.100000381469727,0.0304279241559197,-0.0480708544408919,24,5.67e-05,0.0363472755244134,30.100000381469727,24,5.67e-05
2022-10-04,20336.84375,29.06999969482422,0.0363472755244134,-0.0342192914814579,20,-0.00015002,-0.00866048612509,29.06999969482422,20,-0.00015002
2022-10-05,20160.716796875,28.549999237060547,-0.00866048612509,-0.0178878728318754,25,-6.249333333333333e-05,-0.0101818521418751,28.549999237060547,25,-6.249333333333333e-05
2022-10-06,19955.443359375,30.520000457763672,-0.0101818521418751,0.0690017959140916,26,3.0066666666666665e-05,-0.020475303035953,30.520000457763672,26,3.0066666666666665e-05
2022-10-07,19546.849609375,31.36000061035156,-0.020475303035953,0.0275229403666084,23,-3.158666666666667e-05,-0.0156811030304613,31.36000061035156,23,-3.158666666666667e-05
2022-10-10,19141.484375,32.45000076293945,-0.0156811030304613,0.0347576572504304,22,0.0001,-0.0047052989457616,32.45000076293945,22,0.0001
2022-10-11,19051.41796875,33.630001068115234,-0.0047052989457616,0.0363636449131747,24,0.0001,0.0055653255796452,33.630001068115234,24,0.0001
2022-10-12,19157.4453125,33.56999969482422,0.0055653255796452,-0.0017841620988797,20,0.0001,0.0117687395525483,33.56999969482422,20,0.0001
2022-10-13,19382.904296875,31.940000534057617,0.0117687395525483,-0.0485552331124361,20,2.3853333333333334e-05,-0.0101763927558988,31.940000534057617,20,2.3853333333333334e-05
2022-10-14,19185.65625,32.02000045776367,-0.0101763927558988,0.0025046938750283,24,2.204e-05,0.0146700585002084,32.02000045776367,24,2.204e-05
2022-10-17,19550.7578125,31.3700008392334,0.0146700585002084,-0.0202998004134217,20,-6.191e-05,-0.011065647631146,31.3700008392334,20,-6.191e-05
2022-10-18,19334.416015625,30.5,-0.011065647631146,-0.0277335293579373,22,-2.0983333333333333e-05,-0.0100794799914053,30.5,22,-2.0983333333333333e-05
2022-10-19,19139.53515625,30.760000228881836,-0.0100794799914053,0.0085245976682568,23,6.446666666666667e-05,-0.0044826021726542,30.760000228881836,23,6.446666666666667e-05
2022-10-20,19053.740234375,29.979999542236328,-0.0044826021726542,-0.025357629416177,23,2.999999999999994e-07,0.0062312445831922,29.979999542236328,23,2.999999999999994e-07
2022-10-21,19172.46875,29.690000534057617,0.0062312445831922,-0.0096730824752067,23,-2.6133333333333333e-05,-0.0113167812369114,29.690000534057617,23,-2.6133333333333333e-05
2022-10-24,19345.572265625,29.850000381469727,-0.0113167812369114,0.0053890146357045,22,-7.160666666666667e-05,0.0387833012096094,29.850000381469727,22,-7.160666666666667e-05
2022-10-25,20095.857421875,28.459999084472656,0.0387833012096094,-0.0465662070094965,20,-3.8599999999999996e-05,0.0335683106330508,28.459999084472656,20,-3.8599999999999996e-05
2022-10-26,20770.44140625,27.280000686645508,0.0335683106330508,-0.0414616456706401,33,4.5333333333333335e-05,-0.0233314959115013,27.280000686645508,33,4.5333333333333335e-05
2022-10-27,20285.8359375,27.38999938964844,-0.0233314959115013,0.0040322104191432,32,9.699999999999999e-06,0.0152577210006827,27.38999938964844,32,9.699999999999999e-06
2022-10-28,20595.3515625,25.75,0.0152577210006827,-0.0598758461553031,30,-1.316666666666667e-05,-0.0067761564627427,25.75,30,-1.316666666666667e-05
2022-10-31,20495.7734375,25.8799991607666,-0.0067761564627427,0.005048511097732,31,2.7996666666666666e-05,-0.0005123007449325,25.8799991607666,31,2.7996666666666666e-05
2022-11-01,20485.2734375,25.809999465942383,-0.0005123007449325,-0.0027047796404234,30,-0.00015063333333333333,-0.0159026205944438,25.809999465942383,30,-0.00015063333333333333
2022-11-02,20159.50390625,25.86000061035156,-0.0159026205944438,0.0019372780102207,30,-0.00015195333333333332,0.002504246891926,25.86000061035156,30,-0.00015195333333333332
2022-11-03,20209.98828125,25.299999237060547,0.002504246891926,-0.0216551183323194,30,-7.684e-05,0.0463751969796804,25.299999237060547,30,-7.684e-05
2022-11-04,21147.23046875,24.549999237060547,0.0463751969796804,-0.0296442696686475,30,-0.00023773333333333333,-0.0154669979852274,24.549999237060547,30,-0.00023773333333333333
2022-11-07,20602.81640625,24.350000381469727,-0.0154669979852274,-0.0081465931489278,33,5.2833333333333335e-05,-0.1000613159494843,24.350000381469727,33,5.2833333333333335e-05
2022-11-08,18541.271484375,25.540000915527344,-0.1000613159494843,0.0488706577172459,31,-0.0005039266666666667,-0.1434902246687631,25.540000915527344,31,-0.0005039266666666667
2022-11-09,15880.7802734375,26.09000015258789,-0.1434902246687631,0.0215348166540654,29,-0.0004709033333333333,0.1074248986235879,26.09000015258789,29,-0.0004709033333333333
2022-11-10,17586.771484375,23.530000686645508,0.1074248986235879,-0.0981218647363041,22,-0.00125624,-0.0314144364766353,23.530000686645508,22,-0.00125624
2022-11-11,17034.29296875,22.520000457763672,-0.0314144364766353,-0.0429239353764686,25,-0.0002661066666666667,0.0161944639882631,22.520000457763672,25,-0.0002661066666666667
2022-11-14,16618.19921875,23.729999542236328,0.0161944639882631,0.0537299760158536,24,0.0001,0.0160314639987833,23.729999542236328,24,0.0001
2022-11-15,16884.61328125,24.540000915527344,0.0160314639987833,0.0341340661153117,22,0.00014211333333333332,-0.0127437818409466,24.540000915527344,22,0.00014211333333333332
2022-11-16,16669.439453125,24.11000061035156,-0.0127437818409466,-0.0175224241700702,23,0.0001,0.0010845070736082,24.11000061035156,23,0.0001
2022-11-17,16687.517578125,23.93000030517578,0.0010845070736082,-0.0074657943019088,20,0.00010115666666666667,0.0006148167681003,23.93000030517578,20,0.00010115666666666667
2022-11-18,16697.77734375,23.1200008392334,0.0006148167681003,-0.033848702700066,23,6.729333333333334e-05,-0.0309693747513911,23.1200008392334,23,6.729333333333334e-05
2022-11-21,15787.2841796875,22.36000061035156,-0.0309693747513911,-0.0328719810248516,21,0.0001,0.0254942741881059,22.36000061035156,21,0.0001
2022-11-22,16189.76953125,21.290000915527344,0.0254942741881059,-0.0478532945266944,22,7.166666666666667e-05,0.0260002157033485,21.290000915527344,22,7.166666666666667e-05
2022-11-23,16610.70703125,20.350000381469727,0.0260002157033485,-0.0441522073102426,22,-0.00022685333333333333,-0.0049759536156385,20.350000381469727,22,-0.00022685333333333333
2022-11-25,16521.841796875,20.5,-0.0049759536156385,0.0073709884873938,20,-0.0010968966666666665,-0.0138224289397337,20.5,20,-0.0010968966666666665
2022-11-28,16217.322265625,22.209999084472656,-0.0138224289397337,0.083414589486471,28,-0.00046852333333333336,0.0140380854817543,22.209999084472656,28,-0.00046852333333333336
2022-11-29,16444.982421875,21.88999938964844,0.0140380854817543,-0.014407911211844,26,-0.00012037666666666666,0.0440002893169708,21.88999938964844,26,-0.00012037666666666666
2022-11-30,17168.56640625,20.579999923706055,0.0440002893169708,-0.0598446552064257,29,-0.00021148999999999997,-0.0117326973600236,20.579999923706055,29,-0.00021148999999999997
2022-12-01,16967.1328125,19.84000015258789,-0.0117326973600236,-0.0359572290506066,27,-0.0008903466666666666,0.0071625150279055,19.84000015258789,27,-0.0008903466666666666
2022-12-02,17088.66015625,19.059999465942383,0.0071625150279055,-0.0393145504358156,27,0.0001,-0.0090867330482284,19.059999465942383,27,0.0001
2022-12-05,16974.826171875,20.75,-0.0090867330482284,0.0886673967162179,26,0.0001,0.0067557530907154,20.75,26,0.0001
2022-12-06,17089.50390625,22.170000076293945,0.0067557530907154,0.0684337386165756,25,0.0001,-0.0141242808714139,22.170000076293945,25,0.0001
2022-12-07,16848.126953125,22.68000030517578,-0.0141242808714139,0.0230040697846984,29,0.0001,0.022871839541696,22.68000030517578,29,0.0001
2022-12-08,17233.474609375,22.290000915527344,0.022871839541696,-0.0171957400529415,25,9.773333333333334e-05,-0.0058213603407883,22.290000915527344,25,9.773333333333334e-05
2022-12-09,17133.15234375,22.829999923706055,-0.0058213603407883,0.0242260648720988,26,0.0001,0.0059777236188083,22.829999923706055,26,0.0001
2022-12-12,17206.4375,25.0,0.0059777236188083,0.0950503759765972,27,0.0001,0.0334108010083435,25.0,27,0.0001
2022-12-13,17781.318359375,22.549999237060547,0.0334108010083435,-0.0980000305175781,27,0.0001,0.001930792225645,22.549999237060547,27,0.0001
2022-12-14,17815.650390625,21.13999938964844,0.001930792225645,-0.0625277115351204,30,0.0001,-0.0253027616935732,21.13999938964844,30,0.0001
2022-12-15,17364.865234375,22.829999923706055,-0.0253027616935732,0.0799432631433827,31,0.0001,-0.041312204252233,22.829999923706055,31,0.0001
2022-12-16,16647.484375,22.6200008392334,-0.041312204252233,-0.0091983830562609,29,-2.1299999999999995e-06,-0.0189937534411085,22.6200008392334,29,-2.1299999999999995e-06
2022-12-19,16439.6796875,22.420000076293945,-0.0189937534411085,-0.0088417663801568,29,-0.00080057,0.0283840688425822,22.420000076293945,29,-0.00080057
2022-12-20,16906.3046875,21.479999542236328,0.0283840688425822,-0.0419268747037846,29,-0.00032276,-0.0052506761761861,21.479999542236328,29,-0.00032276
2022-12-21,16817.53515625,20.06999969482422,-0.0052506761761861,-0.065642452395756,26,-0.00027904,0.0007615052090579,20.06999969482422,26,-0.00027904
2022-12-22,16830.341796875,21.969999313354492,0.0007615052090579,0.0946686421236098,28,-0.0003165433333333333,-0.0019838380157674,21.969999313354492,28,-0.0003165433333333333
2022-12-23,16796.953125,20.8700008392334,-0.0019838380157674,-0.050068207032326,27,-0.00019077333333333336,-0.0119759573539699,20.8700008392334,27,-0.00019077333333333336
2022-12-27,16717.173828125,21.649999618530273,-0.0119759573539699,0.037374161376676,27,-9.933333333333334e-06,-0.0098462553654299,21.649999618530273,27,-9.933333333333334e-06
2022-12-28,16552.572265625,22.13999938964844,-0.0098462553654299,0.0226327842841518,28,-0.00022268666666666668,0.0054232979508825,22.13999938964844,28,-0.00022268666666666668
2022-12-29,16642.341796875,21.440000534057617,0.0054232979508825,-0.03161693201844,28,-0.00021948333333333332,-0.0023888380529755,21.440000534057617,28,-0.00021948333333333332
2022-12-30,16602.5859375,21.670000076293945,-0.0023888380529755,0.010727590322163,28,-0.00017922999999999998,-0.0005161216628667,21.670000076293945,28,-0.00017922999999999998
2023-01-03,16679.857421875,22.899999618530273,-0.0005161216628667,0.0567604770607221,26,-3.1700000000000005e-05,0.0109941502937851,22.899999618530273,26,-3.1700000000000005e-05
2023-01-04,16863.23828125,22.010000228881836,0.0109941502937851,-0.0388646028154632,29,-3.9149999999999996e-05,-0.0015715814888571,22.010000228881836,29,-3.9149999999999996e-05
2023-01-05,16836.736328125,22.459999084472656,-0.0015715814888571,0.0204451999505355,29,-0.0004969133333333334,0.0068441068167415,22.459999084472656,29,-0.0004969133333333334
2023-01-06,16951.96875,21.1299991607666,0.0068441068167415,-0.0592163837008136,26,-0.00021413333333333333,0.0061675305628166,21.1299991607666,26,-0.00021413333333333333
2023-01-09,17196.5546875,21.969999313354492,0.0061675305628166,0.0397539132016422,25,-0.00019331666666666666,0.014522576515372,21.969999313354492,25,-0.00019331666666666666
2023-01-10,17446.29296875,20.579999923706055,0.014522576515372,-0.0632680670501215,26,-2.8513333333333337e-05,0.0280061510201732,20.579999923706055,26,-2.8513333333333337e-05
2023-01-11,17934.896484375,21.09000015258789,0.0280061510201732,0.0247813523213071,26,-0.0003102666666666667,0.0521157959882461,21.09000015258789,26,-0.0003102666666666667
2023-01-12,18869.587890625,18.829999923706055,0.0521157959882461,-0.1071598014476314,30,-0.00010743,0.0551144166026911,18.829999923706055,30,-0.00010743
2023-01-13,19909.57421875,18.350000381469727,0.0551144166026911,-0.025491213180093,31,-0.0002812266666666667,-0.0003832509199314,18.350000381469727,31,-0.0002812266666666667
2023-01-17,21161.51953125,19.36000061035156,-0.0003832509199314,0.0550408832635098,51,0.0001,-0.022339524368838,19.36000061035156,51,0.0001
2023-01-18,20688.78125,20.34000015258789,-0.022339524368838,0.0506198094700645,52,9.513333333333333e-05,0.0192380456799503,20.34000015258789,52,9.513333333333333e-05
2023-01-19,21086.79296875,20.520000457763672,0.0192380456799503,0.0088495724594612,45,-0.00012479333333333334,0.0753912540413792,20.520000457763672,45,-0.00012479333333333334
2023-01-20,22676.552734375,19.850000381469727,0.0753912540413792,-0.0326510751143991,51,-7.726333333333333e-05,0.009419529327844,19.850000381469727,51,-7.726333333333333e-05
2023-01-23,22934.431640625,19.809999465942383,0.009419529327844,-0.0020151594336836,50,0.0001,-0.0129919457039084,19.809999465942383,50,0.0001
2023-01-24,22636.46875,19.200000762939453,-0.0129919457039084,-0.0307924643840423,52,0.00010443000000000001,0.0212661537590752,19.200000762939453,52,0.00010443000000000001
2023-01-25,23117.859375,19.079999923706055,0.0212661537590752,-0.0062500434617184,51,0.0001,-0.0036803594082767,19.079999923706055,51,0.0001
2023-01-26,23032.77734375,18.729999542236328,-0.0036803594082767,-0.0183438355801494,54,0.0001,0.0019950339114214,18.729999542236328,54,0.0001
2023-01-27,23078.728515625,18.510000228881836,0.0019950339114214,-0.0117458258799415,55,0.0001,-0.0393036709232834,18.510000228881836,55,0.0001
2023-01-30,22840.138671875,19.940000534057617,-0.0393036709232834,0.0772555530790592,61,0.0001,0.0130973167697252,19.940000534057617,61,0.0001
2023-01-31,23139.283203125,19.399999618530273,0.0130973167697252,-0.0270812889199787,51,0.0001,0.0252594828886516,19.399999618530273,51,0.0001
2023-02-01,23723.76953125,17.8700008392334,0.0252594828886516,-0.0788659180093729,56,0.0001,-0.0106179769268196,17.8700008392334,56,0.0001
2023-02-02,23471.87109375,18.729999542236328,-0.0106179769268196,0.048125274908483,60,0.0001,-0.0009606745041729,18.729999542236328,60,0.0001
2023-02-03,23449.322265625,18.329999923706055,-0.0009606745041729,-0.0213560933425689,60,0.0001,-0.0085188833332865,18.329999923706055,60,0.0001
2023-02-06,22760.109375,19.43000030517578,-0.0085188833332865,0.0600109321357444,56,0.0001,0.0221519867201869,19.43000030517578,56,0.0001
2023-02-07,23264.291015625,18.65999984741211,0.0221519867201869,-0.0396294619490334,54,0.0001,-0.0139652903201216,18.65999984741211,54,0.0001
2023-02-08,22939.3984375,19.6299991607666,-0.0139652903201216,0.0519828146455756,58,0.0001,-0.0488399631774345,19.6299991607666,58,0.0001
2023-02-09,21819.0390625,20.709999084472656,-0.0488399631774345,0.0550178283178224,55,0.0001,-0.0076930733873835,20.709999084472656,55,0.0001
2023-02-10,21651.18359375,20.530000686645508,-0.0076930733873835,-0.0086913764260908,48,-3.866666666666666e-05,0.0009132665684197,20.530000686645508,48,-3.866666666666666e-05
2023-02-13,21808.1015625,20.34000015258789,0.0009132665684197,-0.0092547748515765,48,-0.00026836333333333335,0.0189243031456558,20.34000015258789,48,-0.00026836333333333335
2023-02-14,22220.8046875,18.90999984741211,0.0189243031456558,-0.0703048325687372,50,-8.098666666666667e-05,0.0939226611603778,18.90999984741211,50,-8.098666666666667e-05
2023-02-15,24307.841796875,18.229999542236328,0.0939226611603778,-0.0359598260530309,53,-0.00011978333333333332,-0.028154173176657,18.229999542236328,53,-0.00011978333333333332
2023-02-16,23623.474609375,20.170000076293945,-0.028154173176657,0.1064180242880923,62,8.04e-05,0.0398809645364834,20.170000076293945,62,8.04e-05
2023-02-17,24565.6015625,20.020000457763672,0.0398809645364834,-0.0074367683670248,61,-2.832e-05,-0.0158199111364509,20.020000457763672,61,-2.832e-05
2023-02-21,24436.353515625,22.8700008392334,-0.0158199111364509,0.1423576581570211,60,2.1966666666666668e-05,-0.0101287520442335,22.8700008392334,60,2.1966666666666668e-05
2023-02-22,24188.84375,22.290000915527344,-0.0101287520442335,-0.0253607303201784,59,-9.427333333333333e-05,-0.0099778048506349,22.290000915527344,59,-9.427333333333333e-05
2023-02-23,23947.4921875,21.13999938964844,-0.0099778048506349,-0.0515927087772261,56,5.096666666666667e-05,-0.0312920128967053,21.13999938964844,56,5.096666666666667e-05
2023-02-24,23198.126953125,21.670000076293945,-0.0312920128967053,0.0250709887392444,53,-3.010666666666667e-05,-0.001627326956935,21.670000076293945,53,-3.010666666666667e-05
2023-02-27,23522.87109375,20.950000762939453,-0.001627326956935,-0.0332256257877054,50,-2.2046666666666663e-05,-0.0159639347011842,20.950000762939453,50,-2.2046666666666663e-05
2023-02-28,23147.353515625,20.700000762939453,-0.0159639347011842,-0.0119331737897714,53,-0.00013536666666666666,0.0215660621974789,20.700000762939453,53,-0.00013536666666666666
2023-03-01,23646.55078125,20.579999923706055,0.0215660621974789,-0.0057971417782864,50,-1.0689999999999994e-05,-0.0072350503021632,20.579999923706055,50,-1.0689999999999994e-05
2023-03-02,23475.466796875,19.59000015258789,-0.0072350503021632,-0.0481049453249893,51,-0.00020876666666666665,-0.0474021291675925,19.59000015258789,51,-0.00020876666666666665
2023-03-03,22362.6796875,18.489999771118164,-0.0474021291675925,-0.056151116534035,50,-9.301666666666666e-05,-0.0002565512632864,18.489999771118164,50,-9.301666666666666e-05
2023-03-06,22429.7578125,18.61000061035156,-0.0002565512632864,0.006490040060511,48,-5.692333333333333e-05,-0.0093620396174306,18.61000061035156,48,-5.692333333333333e-05
2023-03-07,22219.76953125,19.59000015258789,-0.0093620396174306,0.0526598339653581,49,-0.00014526333333333332,-0.0225785174062863,19.59000015258789,49,-0.00014526333333333332
2023-03-08,21718.080078125,19.11000061035156,-0.0225785174062863,-0.0245022735322908,50,2.0766666666666665e-05,-0.0623931115860858,19.11000061035156,50,2.0766666666666665e-05
2023-03-09,20363.021484375,22.61000061035156,-0.0623931115860858,0.1831501773005757,44,1.3846666666666666e-05,-0.0086321837790565,22.61000061035156,44,1.3846666666666666e-05
2023-03-10,20187.244140625,24.799999237060547,-0.0086321837790565,0.0968597331972798,34,-0.0002503266666666667,0.0917518788869382,24.799999237060547,34,-0.0002503266666666667
2023-03-13,24197.533203125,26.520000457763672,0.0917518788869382,0.0693548900651896,49,0.0001,0.0226692948830899,26.520000457763672,49,0.0001
2023-03-14,24746.07421875,23.729999542236328,0.0226692948830899,-0.1052036526157215,56,0.0001,-0.0149564443223711,23.729999542236328,56,0.0001
