Date,FundingRate
15/03/23 8:00,0.0001
15/03/23 0:00,0.0001
14/03/23 16:00,0.0001
14/03/23 8:00,0.0001
14/03/23 0:00,0.0001
13/03/23 16:00,0.0001
13/03/23 8:00,0.0001
13/03/23 0:00,0.0001
12/03/23 16:00,6.35E-05
12/03/23 8:00,1.56E-05
12/03/23 0:00,-0.00017934
11/03/23 16:00,-0.00061132
11/03/23 8:00,-0.00067052
11/03/23 0:00,-0.00020543
10/03/23 16:00,-0.00031817
10/03/23 8:00,-0.00022765
10/03/23 0:00,-0.00020516
09/03/23 16:00,0.0001
09/03/23 8:00,5.63E-05
09/03/23 0:00,-0.00011476
08/03/23 16:00,-3.10E-05
08/03/23 8:00,1.86E-05
08/03/23 0:00,7.47E-05
07/03/23 16:00,-0.00027963
07/03/23 8:00,6.66E-05
07/03/23 0:00,-0.00022276
06/03/23 16:00,-0.00016527
06/03/23 8:00,-6.40E-05
06/03/23 0:00,5.85E-05
05/03/23 16:00,-7.79E-06
05/03/23 8:00,7.89E-05
05/03/23 0:00,-0.00012932
04/03/23 16:00,-0.00024797
04/03/23 8:00,-7.25E-05
04/03/23 0:00,1.49E-05
03/03/23 16:00,2.86E-05
03/03/23 8:00,-0.00022535
03/03/23 0:00,-8.23E-05
02/03/23 16:00,-0.00027946
02/03/23 8:00,-0.00023286
02/03/23 0:00,-0.00011398
01/03/23 16:00,0.0001
01/03/23 8:00,0.0001
01/03/23 0:00,-0.00023207
28/02/23 16:00,-0.00011868
28/02/23 8:00,-8.99E-05
28/02/23 0:00,-0.00019752
27/02/23 16:00,7.90E-05
27/02/23 8:00,-0.00014764
27/02/23 0:00,2.50E-06
26/02/23 16:00,-9.39E-05
26/02/23 8:00,-6.42E-05
26/02/23 0:00,-0.00023097
25/02/23 16:00,-9.00E-05
25/02/23 8:00,4.48E-06
25/02/23 0:00,3.29E-05
24/02/23 16:00,4.81E-05
24/02/23 8:00,6.84E-05
24/02/23 0:00,-0.00020682
23/02/23 16:00,7.59E-05
23/02/23 8:00,4.68E-05
23/02/23 0:00,3.02E-05
22/02/23 16:00,-0.00021249
22/02/23 8:00,-0.00014093
22/02/23 0:00,7.06E-05
21/02/23 16:00,-1.90E-05
21/02/23 8:00,-1.51E-05
21/02/23 0:00,0.0001
20/02/23 16:00,1.10E-05
20/02/23 8:00,-3.09E-05
20/02/23 0:00,-0.00010697
19/02/23 16:00,9.16E-05
19/02/23 8:00,6.27E-05
19/02/23 0:00,-8.56E-05
18/02/23 16:00,-8.85E-05
18/02/23 8:00,-3.41E-06
18/02/23 0:00,5.82E-05
17/02/23 16:00,-6.66E-05
17/02/23 8:00,-0.00011836
17/02/23 0:00,0.0001
16/02/23 16:00,0.0001
16/02/23 8:00,0.0001
16/02/23 0:00,4.12E-05
15/02/23 16:00,-0.00013872
15/02/23 8:00,1.04E-05
15/02/23 0:00,-0.00023103
14/02/23 16:00,-5.18E-05
14/02/23 8:00,-0.00011136
14/02/23 0:00,-7.98E-05
13/02/23 16:00,-0.00029565
13/02/23 8:00,-0.00019944
13/02/23 0:00,-0.00031
12/02/23 16:00,-0.00032752
12/02/23 8:00,-0.00033766
12/02/23 0:00,-0.00021551
11/02/23 16:00,-0.00041845
11/02/23 8:00,-0.00035445
11/02/23 0:00,-0.00024252
10/02/23 16:00,-0.0001423
10/02/23 8:00,-7.37E-05
10/02/23 0:00,0.0001
09/02/23 16:00,0.0001
09/02/23 8:00,0.0001
09/02/23 0:00,0.0001
08/02/23 16:00,0.0001
08/02/23 8:00,0.0001
08/02/23 0:00,0.0001
07/02/23 16:00,0.0001
07/02/23 8:00,0.0001
07/02/23 0:00,0.0001
06/02/23 16:00,0.0001
06/02/23 8:00,0.0001
06/02/23 0:00,0.0001
05/02/23 16:00,0.0001
05/02/23 8:00,0.0001
05/02/23 0:00,0.0001
04/02/23 16:00,0.0001
04/02/23 8:00,0.0001
04/02/23 0:00,0.0001
03/02/23 16:00,0.0001
03/02/23 8:00,0.0001
03/02/23 0:00,0.0001
02/02/23 16:00,0.0001
02/02/23 8:00,0.0001
02/02/23 0:00,0.0001
01/02/23 16:00,0.0001
01/02/23 8:00,0.0001
01/02/23 0:00,0.0001
31/01/23 16:00,0.0001
31/01/23 8:00,0.0001
31/01/23 0:00,0.0001
30/01/23 16:00,0.0001
30/01/23 8:00,0.0001
30/01/23 0:00,0.0001
29/01/23 16:00,0.0001
29/01/23 8:00,0.0001
29/01/23 0:00,0.0001
28/01/23 16:00,0.0001
28/01/23 8:00,0.0001
28/01/23 0:00,0.0001
27/01/23 16:00,0.0001
27/01/23 8:00,0.0001
27/01/23 0:00,0.0001
26/01/23 16:00,0.0001
26/01/23 8:00,0.0001
26/01/23 0:00,0.0001
25/01/23 16:00,0.0001
25/01/23 8:00,0.0001
25/01/23 0:00,0.0001
24/01/23 16:00,0.0001
24/01/23 8:00,0.00011329
24/01/23 0:00,0.0001
23/01/23 16:00,0.0001
23/01/23 8:00,0.0001
23/01/23 0:00,0.0001
22/01/23 16:00,0.0001
22/01/23 8:00,0.0001
22/01/23 0:00,0.0001
21/01/23 16:00,0.0001
21/01/23 8:00,0.0001
21/01/23 0:00,0.0001
20/01/23 16:00,0.0001
20/01/23 8:00,-7.57E-05
20/01/23 0:00,-0.00025609
19/01/23 16:00,-4.17E-05
19/01/23 8:00,-0.0001996
19/01/23 0:00,-0.00013308
18/01/23 16:00,0.0001
18/01/23 8:00,0.0001
18/01/23 0:00,8.54E-05
17/01/23 16:00,0.0001
17/01/23 8:00,0.0001
17/01/23 0:00,0.0001
16/01/23 16:00,0.0001
16/01/23 8:00,0.0001
16/01/23 0:00,0.0001
15/01/23 16:00,0.0001
15/01/23 8:00,0.0001
15/01/23 0:00,0.0001
14/01/23 16:00,0.0001
14/01/23 8:00,0.00026293
14/01/23 0:00,-2.02E-05
13/01/23 16:00,-0.00021416
13/01/23 8:00,-0.00023828
13/01/23 0:00,-0.00039124
12/01/23 16:00,-8.49E-05
12/01/23 8:00,-5.13E-05
12/01/23 0:00,-0.00018609
11/01/23 16:00,-0.00030381
11/01/23 8:00,-0.00030872
11/01/23 0:00,-0.00031827
10/01/23 16:00,-0.000132
10/01/23 8:00,8.76E-06
10/01/23 0:00,3.77E-05
09/01/23 16:00,-0.00014814
09/01/23 8:00,-0.00017918
09/01/23 0:00,-0.00025263
08/01/23 16:00,-0.00014268
08/01/23 8:00,-0.00033599
08/01/23 0:00,-0.0003418
07/01/23 16:00,-0.00027892
07/01/23 8:00,-0.00031663
07/01/23 0:00,-0.00013425
06/01/23 16:00,-0.00010758
06/01/23 8:00,-0.00024618
06/01/23 0:00,-0.00028864
05/01/23 16:00,-0.00047537
05/01/23 8:00,-0.00054583
05/01/23 0:00,-0.00046954
04/01/23 16:00,2.93E-05
04/01/23 8:00,7.60E-05
04/01/23 0:00,-0.00022275
03/01/23 16:00,7.90E-05
03/01/23 8:00,-9.65E-05
03/01/23 0:00,-7.76E-05
02/01/23 16:00,-0.00012851
02/01/23 8:00,-5.59E-05
02/01/23 0:00,6.80E-05
01/01/23 16:00,-0.00015462
01/01/23 8:00,-6.02E-05
01/01/23 0:00,-0.00012422
31/12/22 16:00,-9.10E-07
31/12/22 8:00,-0.00010548
31/12/22 0:00,-0.00012872
30/12/22 16:00,-0.0001954
30/12/22 8:00,-0.0001663
30/12/22 0:00,-0.00017599
29/12/22 16:00,-0.00014727
29/12/22 8:00,-0.00021296
29/12/22 0:00,-0.00029822
28/12/22 16:00,-0.00028111
28/12/22 8:00,-0.00024022
28/12/22 0:00,-0.00014673
27/12/22 16:00,-6.87E-05
27/12/22 8:00,5.03E-05
27/12/22 0:00,-1.14E-05
26/12/22 16:00,-0.00024985
26/12/22 8:00,-0.00011487
26/12/22 0:00,-0.00021574
25/12/22 16:00,-0.00031164
25/12/22 8:00,-0.00019282
25/12/22 0:00,-0.00034644
24/12/22 16:00,-0.00032722
24/12/22 8:00,-0.00046149
24/12/22 0:00,-0.0003608
23/12/22 16:00,-0.00034915
23/12/22 8:00,-8.51E-05
23/12/22 0:00,-0.00013807
22/12/22 16:00,-0.00020993
22/12/22 8:00,-0.00033684
22/12/22 0:00,-0.00040286
21/12/22 16:00,-0.000188
21/12/22 8:00,-0.00024174
21/12/22 0:00,-0.00040738
20/12/22 16:00,-0.00035599
20/12/22 8:00,-0.0002309
20/12/22 0:00,-0.00038139
19/12/22 16:00,-0.00045848
19/12/22 8:00,-0.00099044
19/12/22 0:00,-0.00095279
18/12/22 16:00,-0.00077152
18/12/22 8:00,-0.00117791
18/12/22 0:00,-0.00056342
17/12/22 16:00,-0.00126661
17/12/22 8:00,-0.00148379
17/12/22 0:00,-0.00082028
16/12/22 16:00,-0.00020639
16/12/22 8:00,0.0001
16/12/22 0:00,0.0001
15/12/22 16:00,0.0001
15/12/22 8:00,0.0001
15/12/22 0:00,0.0001
14/12/22 16:00,0.0001
14/12/22 8:00,0.0001
14/12/22 0:00,0.0001
13/12/22 16:00,0.0001
13/12/22 8:00,0.0001
13/12/22 0:00,0.0001
12/12/22 16:00,0.0001
12/12/22 8:00,0.0001
12/12/22 0:00,0.0001
11/12/22 16:00,0.0001
11/12/22 8:00,0.0001
11/12/22 0:00,0.0001
10/12/22 16:00,0.0001
10/12/22 8:00,0.0001
10/12/22 0:00,0.0001
09/12/22 16:00,0.0001
09/12/22 8:00,0.0001
09/12/22 0:00,0.0001
08/12/22 16:00,0.0001
08/12/22 8:00,0.0001
08/12/22 0:00,9.32E-05
07/12/22 16:00,0.0001
07/12/22 8:00,0.0001
07/12/22 0:00,0.0001
06/12/22 16:00,0.0001
06/12/22 8:00,0.0001
06/12/22 0:00,0.0001
05/12/22 16:00,0.0001
05/12/22 8:00,0.0001
05/12/22 0:00,0.0001
04/12/22 16:00,0.0001
04/12/22 8:00,0.0001
04/12/22 0:00,0.0001
03/12/22 16:00,0.0001
03/12/22 8:00,0.0001
03/12/22 0:00,0.0001
02/12/22 16:00,0.0001
02/12/22 8:00,0.0001
02/12/22 0:00,0.0001
01/12/22 16:00,-0.00106087
01/12/22 8:00,-0.00092313
01/12/22 0:00,-0.00068704
30/11/22 16:00,-0.00049842
30/11/22 8:00,-0.00023605
30/11/22 0:00,0.0001
29/11/22 16:00,-0.00014203
29/11/22 8:00,-7.58E-05
29/11/22 0:00,-0.0001433
28/11/22 16:00,-0.00058244
28/11/22 8:00,-0.00036958
28/11/22 0:00,-0.00045355
27/11/22 16:00,-0.000474
27/11/22 8:00,-0.00052102
27/11/22 0:00,-0.00039608
26/11/22 16:00,-0.00032196
26/11/22 8:00,-6.31E-05
26/11/22 0:00,-0.00110348
25/11/22 16:00,-0.0011054
25/11/22 8:00,-0.00101152
25/11/22 0:00,-0.00117377
24/11/22 16:00,-0.00116332
24/11/22 8:00,-0.00115848
24/11/22 0:00,-0.00119333
23/11/22 16:00,-0.00088056
23/11/22 8:00,0.0001
23/11/22 0:00,0.0001
22/11/22 16:00,0.0001
22/11/22 8:00,0.0001
22/11/22 0:00,1.50E-05
21/11/22 16:00,0.0001
21/11/22 8:00,0.0001
21/11/22 0:00,0.0001
20/11/22 16:00,0.0001
20/11/22 8:00,0.0001
20/11/22 0:00,0.0001
19/11/22 16:00,0.0001
19/11/22 8:00,0.0001
19/11/22 0:00,0.0001
18/11/22 16:00,0.0001
18/11/22 8:00,1.88E-06
18/11/22 0:00,0.0001
17/11/22 16:00,0.0001
17/11/22 8:00,0.0001
17/11/22 0:00,0.00010347
16/11/22 16:00,0.0001
16/11/22 8:00,0.0001
16/11/22 0:00,0.0001
15/11/22 16:00,0.00022634
15/11/22 8:00,0.0001
15/11/22 0:00,0.0001
14/11/22 16:00,0.0001
14/11/22 8:00,0.0001
14/11/22 0:00,0.0001
13/11/22 16:00,0.0001
13/11/22 8:00,0.0001
13/11/22 0:00,-7.95E-05
12/11/22 16:00,-5.19E-05
12/11/22 8:00,-0.00028869
12/11/22 0:00,0.0001
11/11/22 16:00,-0.00010312
11/11/22 8:00,-0.00039151
11/11/22 0:00,-0.00030369
10/11/22 16:00,-0.00122006
10/11/22 8:00,-0.00155586
10/11/22 0:00,-0.0009928
09/11/22 16:00,-0.00085219
09/11/22 8:00,-0.00027129
09/11/22 0:00,-0.00028923
08/11/22 16:00,-0.00046763
08/11/22 8:00,-0.00112905
08/11/22 0:00,8.49E-05
07/11/22 16:00,0.0001
07/11/22 8:00,7.70E-05
07/11/22 0:00,-1.85E-05
06/11/22 16:00,4.74E-05
06/11/22 8:00,-3.71E-05
06/11/22 0:00,-0.00011556
05/11/22 16:00,-0.00015551
05/11/22 8:00,-0.00030599
05/11/22 0:00,-0.00027147
04/11/22 16:00,-8.14E-05
04/11/22 8:00,-0.00030006
04/11/22 0:00,-0.00033174
03/11/22 16:00,3.34E-05
03/11/22 8:00,-7.88E-05
03/11/22 0:00,-0.00018512
02/11/22 16:00,-6.13E-05
02/11/22 8:00,-0.00020028
02/11/22 0:00,-0.00019428
01/11/22 16:00,4.57E-05
01/11/22 8:00,-0.00019548
01/11/22 0:00,-0.00030212
31/10/22 16:00,-0.00010301
31/10/22 8:00,8.70E-05
31/10/22 0:00,0.0001
30/10/22 16:00,0.0001
30/10/22 8:00,0.0001
30/10/22 0:00,9.62E-05
29/10/22 16:00,0.0001
29/10/22 8:00,0.0001
29/10/22 0:00,0.0001
28/10/22 16:00,7.23E-05
28/10/22 8:00,-6.25E-05
28/10/22 0:00,-4.93E-05
27/10/22 16:00,3.85E-05
27/10/22 8:00,2.67E-05
27/10/22 0:00,-3.61E-05
26/10/22 16:00,-4.74E-05
26/10/22 8:00,0.0001
26/10/22 0:00,8.34E-05
25/10/22 16:00,-8.37E-05
25/10/22 8:00,3.61E-05
25/10/22 0:00,-6.82E-05
24/10/22 16:00,-1.74E-06
24/10/22 8:00,-6.16E-05
24/10/22 0:00,-0.00015148
23/10/22 16:00,5.02E-05
23/10/22 8:00,-1.92E-05
23/10/22 0:00,-4.34E-05
22/10/22 16:00,-0.00019269
22/10/22 8:00,-9.97E-05
22/10/22 0:00,-0.00012122
21/10/22 16:00,-7.96E-05
21/10/22 8:00,-1.34E-05
21/10/22 0:00,1.46E-05
20/10/22 16:00,1.55E-05
20/10/22 8:00,-8.25E-05
20/10/22 0:00,6.79E-05
19/10/22 16:00,5.74E-05
19/10/22 8:00,0.0001
19/10/22 0:00,3.60E-05
18/10/22 16:00,-0.00017415
18/10/22 8:00,1.12E-05
18/10/22 0:00,0.0001
17/10/22 16:00,-4.34E-05
17/10/22 8:00,1.96E-05
17/10/22 0:00,-0.00016193
16/10/22 16:00,7.20E-05
16/10/22 8:00,-0.00022215
16/10/22 0:00,-1.34E-05
15/10/22 16:00,-8.75E-05
15/10/22 8:00,-1.12E-05
15/10/22 0:00,2.38E-05
14/10/22 16:00,7.59E-06
14/10/22 8:00,5.59E-05
14/10/22 0:00,2.63E-06
13/10/22 16:00,-0.00012844
13/10/22 8:00,0.0001
13/10/22 0:00,0.0001
12/10/22 16:00,0.0001
12/10/22 8:00,0.0001
12/10/22 0:00,0.0001
11/10/22 16:00,0.0001
11/10/22 8:00,0.0001
11/10/22 0:00,0.0001
10/10/22 16:00,0.0001
10/10/22 8:00,0.0001
10/10/22 0:00,0.0001
09/10/22 16:00,0.0001
09/10/22 8:00,0.0001
09/10/22 0:00,0.0001
08/10/22 16:00,0.0001
08/10/22 8:00,0.0001
08/10/22 0:00,0.0001
07/10/22 16:00,0.0001
07/10/22 8:00,-0.00023156
07/10/22 0:00,3.68E-05
06/10/22 16:00,8.41E-05
06/10/22 8:00,5.73E-05
06/10/22 0:00,-5.12E-05
05/10/22 16:00,0.0001
05/10/22 8:00,-1.81E-05
05/10/22 0:00,-0.00026938
04/10/22 16:00,-0.0001903
04/10/22 8:00,-0.00010881
04/10/22 0:00,-0.00015095
03/10/22 16:00,8.92E-05
03/10/22 8:00,0.0001
03/10/22 0:00,-1.91E-05
02/10/22 16:00,-0.00017607
02/10/22 8:00,-0.00019873
02/10/22 0:00,-0.00015671
01/10/22 16:00,2.46E-05
01/10/22 8:00,3.61E-05
01/10/22 0:00,-4.55E-05
30/09/22 16:00,-2.23E-05
30/09/22 8:00,-0.00015756
30/09/22 0:00,-0.00019667
29/09/22 16:00,-1.33E-05
29/09/22 8:00,-8.66E-05
29/09/22 0:00,-0.00020058
28/09/22 16:00,-0.00019499
28/09/22 8:00,-0.00028865
28/09/22 0:00,-0.00018044
27/09/22 16:00,7.11E-05
27/09/22 8:00,-3.95E-05
27/09/22 0:00,3.02E-06
26/09/22 16:00,-1.89E-05
26/09/22 8:00,-0.0001081
26/09/22 0:00,-0.00022651
25/09/22 16:00,-8.54E-05
25/09/22 8:00,-0.00012953
25/09/22 0:00,3.56E-05
24/09/22 16:00,6.14E-05
24/09/22 8:00,3.82E-05
24/09/22 0:00,-2.84E-05
23/09/22 16:00,-1.54E-05
23/09/22 8:00,-5.46E-05
23/09/22 0:00,-5.12E-05
22/09/22 16:00,-1.49E-05
22/09/22 8:00,-0.00027725
22/09/22 0:00,-0.00022332
21/09/22 16:00,-0.00011884
21/09/22 8:00,-3.10E-05
21/09/22 0:00,-0.00012052
20/09/22 16:00,1.86E-05
20/09/22 8:00,9.00E-06
20/09/22 0:00,-1.41E-05
19/09/22 16:00,-0.00017927
19/09/22 8:00,-0.0001889
19/09/22 0:00,5.77E-06
18/09/22 16:00,-6.65E-05
18/09/22 8:00,-0.00013899
18/09/22 0:00,3.04E-05
17/09/22 16:00,2.63E-05
17/09/22 8:00,-3.21E-05
17/09/22 0:00,-3.22E-06
16/09/22 16:00,-8.31E-05
16/09/22 8:00,-0.00011617
16/09/22 0:00,-6.19E-05
15/09/22 16:00,-0.00011557
15/09/22 8:00,-2.25E-05
15/09/22 0:00,8.47E-05
14/09/22 16:00,7.68E-05
14/09/22 8:00,-0.00010321
14/09/22 0:00,-8.48E-05
13/09/22 16:00,-5.93E-05
13/09/22 8:00,-0.00016514
13/09/22 0:00,-0.00012648
12/09/22 16:00,-6.21E-05
12/09/22 8:00,-0.00016862
12/09/22 0:00,-0.00012143
11/09/22 16:00,-6.92E-05
11/09/22 8:00,-2.15E-05
11/09/22 0:00,-8.62E-05
10/09/22 16:00,-1.34E-05
10/09/22 8:00,-1.46E-05
10/09/22 0:00,0.0001
09/09/22 16:00,0.0001
09/09/22 8:00,8.33E-05
09/09/22 0:00,4.09E-05
08/09/22 16:00,0.0001
08/09/22 8:00,7.48E-05
08/09/22 0:00,-3.85E-05
07/09/22 16:00,-0.00028964
07/09/22 8:00,-0.00037551
07/09/22 0:00,-0.00032792
06/09/22 16:00,0.0001
06/09/22 8:00,0.0001
06/09/22 0:00,-9.14E-05
05/09/22 16:00,-0.0001684
05/09/22 8:00,5.91E-05
05/09/22 0:00,0.0001
04/09/22 16:00,8.37E-05
04/09/22 8:00,8.30E-05
04/09/22 0:00,0.0001
03/09/22 16:00,5.25E-05
03/09/22 8:00,-8.37E-05
03/09/22 0:00,-0.00012982
02/09/22 16:00,2.98E-05
02/09/22 8:00,-7.83E-05
02/09/22 0:00,-0.00016018
01/09/22 16:00,3.48E-05
01/09/22 8:00,-0.00010371
01/09/22 0:00,0.0001
31/08/22 16:00,0.0001
31/08/22 8:00,-2.21E-06
31/08/22 0:00,-3.64E-05
30/08/22 16:00,1.64E-05
30/08/22 8:00,-5.11E-06
30/08/22 0:00,-0.00013668
29/08/22 16:00,-0.00015429
29/08/22 8:00,-0.00016902
29/08/22 0:00,-6.54E-05
28/08/22 16:00,-0.00022681
28/08/22 8:00,-0.00016997
28/08/22 0:00,-0.00011706
27/08/22 16:00,-0.00011741
27/08/22 8:00,-0.00014636
27/08/22 0:00,-0.0001681
26/08/22 16:00,-7.74E-05
26/08/22 8:00,-3.99E-05
26/08/22 0:00,0.0001
25/08/22 16:00,0.0001
25/08/22 8:00,1.00E-05
25/08/22 0:00,6.56E-05
24/08/22 16:00,-1.24E-05
24/08/22 8:00,-0.00013332
24/08/22 0:00,-0.00016602
23/08/22 16:00,-9.34E-05
23/08/22 8:00,-0.00019825
23/08/22 0:00,-0.00019967
22/08/22 16:00,-0.00026335
22/08/22 8:00,-0.0002121
22/08/22 0:00,-0.00013305
21/08/22 16:00,-1.43E-05
21/08/22 8:00,-0.00024731
21/08/22 0:00,-0.00022373
20/08/22 16:00,-0.00042406
20/08/22 8:00,-0.00028149
20/08/22 0:00,-0.00010775
19/08/22 16:00,-3.73E-05
19/08/22 8:00,-4.51E-05
19/08/22 0:00,-2.48E-05
18/08/22 16:00,9.59E-06
18/08/22 8:00,-2.71E-05
18/08/22 0:00,-0.00015579
17/08/22 16:00,3.34E-06
17/08/22 8:00,0.0001
17/08/22 0:00,0.0001
16/08/22 16:00,0.0001
16/08/22 8:00,0.0001
16/08/22 0:00,0.0001
15/08/22 16:00,0.0001
15/08/22 8:00,0.0001
15/08/22 0:00,0.0001
14/08/22 16:00,0.0001
14/08/22 8:00,0.0001
14/08/22 0:00,0.0001
13/08/22 16:00,0.0001
13/08/22 8:00,0.0001
13/08/22 0:00,0.0001
12/08/22 16:00,0.0001
12/08/22 8:00,0.0001
12/08/22 0:00,0.0001
11/08/22 16:00,0.0001
11/08/22 8:00,0.0001
11/08/22 0:00,0.0001
10/08/22 16:00,0.0001
10/08/22 8:00,0.0001
10/08/22 0:00,0.0001
09/08/22 16:00,0.0001
09/08/22 8:00,0.0001
09/08/22 0:00,0.0001
08/08/22 16:00,0.0001
08/08/22 8:00,0.0001
08/08/22 0:00,0.0001
07/08/22 16:00,0.0001
07/08/22 8:00,0.0001
07/08/22 0:00,0.0001
06/08/22 16:00,0.0001
06/08/22 8:00,0.0001
06/08/22 0:00,0.0001
05/08/22 16:00,0.0001
05/08/22 8:00,0.0001
05/08/22 0:00,0.0001
04/08/22 16:00,0.0001
04/08/22 8:00,0.0001
04/08/22 0:00,0.0001
03/08/22 16:00,0.0001
03/08/22 8:00,0.0001
03/08/22 0:00,0.0001
02/08/22 16:00,0.0001
02/08/22 8:00,0.0001
02/08/22 0:00,0.0001
01/08/22 16:00,0.0001
01/08/22 8:00,0.0001
01/08/22 0:00,0.0001
31/07/22 16:00,0.0001
31/07/22 8:00,0.0001
31/07/22 0:00,0.0001
30/07/22 16:00,0.0001
30/07/22 8:00,0.0001
30/07/22 0:00,0.0001
29/07/22 16:00,0.0001
29/07/22 8:00,0.0001
29/07/22 0:00,0.0001
28/07/22 16:00,0.0001
28/07/22 8:00,0.0001
28/07/22 0:00,0.0001
27/07/22 16:00,0.0001
27/07/22 8:00,-1.15E-06
27/07/22 0:00,-7.50E-05
26/07/22 16:00,-0.00015153
26/07/22 8:00,-9.59E-05
26/07/22 0:00,3.94E-05
25/07/22 16:00,-8.20E-06
25/07/22 8:00,-8.98E-05
25/07/22 0:00,8.35E-05
24/07/22 16:00,-1.61E-05
24/07/22 8:00,5.13E-05
24/07/22 0:00,-0.00018898
23/07/22 16:00,3.40E-05
23/07/22 8:00,0.0001
23/07/22 0:00,4.96E-05
22/07/22 16:00,5.05E-05
22/07/22 8:00,4.50E-05
22/07/22 0:00,-2.75E-05
21/07/22 16:00,-6.56E-06
21/07/22 8:00,3.68E-06
21/07/22 0:00,-8.84E-05
20/07/22 16:00,1.29E-06
20/07/22 8:00,0.0001
20/07/22 0:00,0.0001
19/07/22 16:00,0.0001
19/07/22 8:00,5.04E-05
19/07/22 0:00,8.94E-05
18/07/22 16:00,0.0001
18/07/22 8:00,0.0001
18/07/22 0:00,6.17E-05
17/07/22 16:00,4.43E-05
17/07/22 8:00,0.0001
17/07/22 0:00,0.0001
16/07/22 16:00,3.57E-05
16/07/22 8:00,-8.98E-05
16/07/22 0:00,5.03E-05
15/07/22 16:00,-1.25E-05
15/07/22 8:00,2.88E-05
15/07/22 0:00,7.78E-05
14/07/22 16:00,-0.00012204
14/07/22 8:00,-4.96E-05
14/07/22 0:00,-0.0001382
13/07/22 16:00,-0.00012398
13/07/22 8:00,-3.24E-05
13/07/22 0:00,-8.45E-05
12/07/22 16:00,-0.0001161
12/07/22 8:00,-4.75E-05
12/07/22 0:00,-6.82E-06
11/07/22 16:00,5.83E-05
11/07/22 8:00,5.60E-06
11/07/22 0:00,4.49E-05
10/07/22 16:00,-2.50E-05
10/07/22 8:00,4.66E-05
10/07/22 0:00,8.33E-05
09/07/22 16:00,-1.01E-06
09/07/22 8:00,2.74E-05
09/07/22 0:00,0.0001
08/07/22 16:00,-9.39E-05
08/07/22 8:00,0.0001
08/07/22 0:00,-2.60E-05
07/07/22 16:00,-5.49E-05
07/07/22 8:00,-6.63E-05
07/07/22 0:00,-9.38E-05
06/07/22 16:00,-3.11E-05
06/07/22 8:00,1.15E-05
06/07/22 0:00,-0.00011342
05/07/22 16:00,-4.50E-05
05/07/22 8:00,-2.37E-05
05/07/22 0:00,3.90E-05
04/07/22 16:00,-8.49E-05
04/07/22 8:00,-7.85E-05
04/07/22 0:00,-1.36E-05
03/07/22 16:00,-5.73E-05
03/07/22 8:00,-5.09E-05
03/07/22 0:00,2.92E-05
02/07/22 16:00,2.09E-05
02/07/22 8:00,2.39E-06
02/07/22 0:00,-7.69E-05
01/07/22 16:00,1.99E-05
01/07/22 8:00,0.0001
01/07/22 0:00,-8.91E-05
30/06/22 16:00,-5.10E-05
30/06/22 8:00,0.0001
30/06/22 0:00,7.55E-05
29/06/22 16:00,0.0001
29/06/22 8:00,-0.00026772
29/06/22 0:00,0.0001
28/06/22 16:00,9.74E-06
28/06/22 8:00,-0.00012445
28/06/22 0:00,2.67E-05
27/06/22 16:00,0.0001
27/06/22 8:00,-0.00027412
27/06/22 0:00,0.0001
26/06/22 16:00,0.0001
26/06/22 8:00,0.0001
26/06/22 0:00,7.58E-05
25/06/22 16:00,0.0001
25/06/22 8:00,0.0001
25/06/22 0:00,0.0001
24/06/22 16:00,0.0001
24/06/22 8:00,-0.00086461
24/06/22 0:00,-0.00012404
23/06/22 16:00,-1.41E-05
23/06/22 8:00,-0.00027075
23/06/22 0:00,3.66E-05
22/06/22 16:00,-0.00045979
22/06/22 8:00,-0.00023419
22/06/22 0:00,0.0001
21/06/22 16:00,-3.01E-05
21/06/22 8:00,-2.49E-05
21/06/22 0:00,3.30E-06
20/06/22 16:00,-0.00035407
20/06/22 8:00,0.0001
20/06/22 0:00,-0.00047084
19/06/22 16:00,1.43E-05
19/06/22 8:00,-0.00066209
19/06/22 0:00,-0.000515
18/06/22 16:00,-0.00040887
18/06/22 8:00,-0.00020427
18/06/22 0:00,-0.00016125
17/06/22 16:00,0.0001
17/06/22 8:00,-0.00016352
17/06/22 0:00,-5.60E-05
16/06/22 16:00,0.0001
16/06/22 8:00,0.0001
16/06/22 0:00,-0.00017445
15/06/22 16:00,-0.00031426
15/06/22 8:00,-6.25E-05
15/06/22 0:00,2.72E-05
14/06/22 16:00,-1.82E-05
14/06/22 8:00,0.0001
14/06/22 0:00,-0.00016015
13/06/22 16:00,-7.65E-05
13/06/22 8:00,-0.00040155
13/06/22 0:00,2.60E-06
12/06/22 16:00,-0.00043526
12/06/22 8:00,-0.00035386
12/06/22 0:00,-0.00032046
11/06/22 16:00,-0.00010503
11/06/22 8:00,-0.00014283
11/06/22 0:00,-0.0005339
10/06/22 16:00,-0.00011249
10/06/22 8:00,-0.0002061
10/06/22 0:00,-0.0002024
09/06/22 16:00,-0.0001064
09/06/22 8:00,-0.00026483
09/06/22 0:00,-0.00038008
08/06/22 16:00,-0.00013057
08/06/22 8:00,-0.00014578
08/06/22 0:00,-0.00013478
07/06/22 16:00,-0.00030614
07/06/22 8:00,-0.00041443
07/06/22 0:00,0.0001
06/06/22 16:00,0.0001
06/06/22 8:00,-7.12E-06
06/06/22 0:00,-7.30E-05
05/06/22 16:00,-0.00021218
05/06/22 8:00,-8.85E-05
05/06/22 0:00,4.26E-05
04/06/22 16:00,5.11E-05
04/06/22 8:00,-0.0004081
04/06/22 0:00,-0.00011063
03/06/22 16:00,-0.00019081
03/06/22 8:00,0.0001
03/06/22 0:00,-0.00015041
02/06/22 16:00,0.0001
02/06/22 8:00,-0.00027601
02/06/22 0:00,9.69E-05
01/06/22 16:00,0.0001
01/06/22 8:00,0.0001
01/06/22 0:00,-9.47E-05
31/05/22 16:00,0.0001
31/05/22 8:00,0.0001
31/05/22 0:00,-1.93E-05
30/05/22 16:00,0.0001
30/05/22 8:00,-4.17E-05
30/05/22 0:00,3.96E-05
29/05/22 16:00,-0.00028998
29/05/22 8:00,4.96E-05
29/05/22 0:00,2.93E-06
28/05/22 16:00,-0.000331
28/05/22 8:00,-2.60E-05
28/05/22 0:00,-0.00034635
27/05/22 16:00,-0.00042314
27/05/22 8:00,-0.00015228
27/05/22 0:00,-0.0003593
26/05/22 16:00,-0.00023328
26/05/22 8:00,-0.00019508
26/05/22 0:00,-0.00031605
25/05/22 16:00,5.44E-05
25/05/22 8:00,0.0001
25/05/22 0:00,-0.00042223
24/05/22 16:00,-0.00026698
24/05/22 8:00,-0.00022423
24/05/22 0:00,5.57E-06
23/05/22 16:00,7.59E-05
23/05/22 8:00,-0.00031198
23/05/22 0:00,0.0001
22/05/22 16:00,-7.91E-05
22/05/22 8:00,-0.00024954
22/05/22 0:00,-8.41E-05
21/05/22 16:00,-1.88E-05
21/05/22 8:00,-0.00075023
21/05/22 0:00,-5.88E-05
20/05/22 16:00,-0.00041473
20/05/22 8:00,-0.000163
20/05/22 0:00,-0.00033873
19/05/22 16:00,-0.00027982
19/05/22 8:00,-0.00035499
19/05/22 0:00,-0.00069661
18/05/22 16:00,-8.51E-05
18/05/22 8:00,-0.00078358
18/05/22 0:00,-0.00032879
17/05/22 16:00,-0.00014645
17/05/22 8:00,-0.00016119
17/05/22 0:00,-0.00021166
16/05/22 16:00,-0.00048863
16/05/22 8:00,-0.00036432
16/05/22 0:00,-0.00027882
15/05/22 16:00,-0.00022409
15/05/22 8:00,-0.00054493
15/05/22 0:00,-0.00028307
14/05/22 16:00,-0.00031083
14/05/22 8:00,-0.00037974
14/05/22 0:00,-0.00035216
13/05/22 16:00,-0.00030487
13/05/22 8:00,-0.000358
13/05/22 0:00,-0.00200299
12/05/22 16:00,-0.00135346
12/05/22 8:00,-0.00042132
12/05/22 0:00,-2.16E-05
11/05/22 16:00,-0.0001055
11/05/22 8:00,-0.00046417
11/05/22 0:00,-0.00027495
10/05/22 16:00,-0.00012436
10/05/22 8:00,-0.00055187
10/05/22 0:00,-2.36E-05
09/05/22 16:00,0.0001
09/05/22 8:00,0.0001
09/05/22 0:00,0.0001
08/05/22 16:00,3.85E-05
08/05/22 8:00,0.0001
08/05/22 0:00,0.0001
07/05/22 16:00,0.0001
07/05/22 8:00,5.06E-05
07/05/22 0:00,0.0001
06/05/22 16:00,-0.00015475
06/05/22 8:00,-0.00039088
06/05/22 0:00,0.0001
05/05/22 16:00,8.17E-05
05/05/22 8:00,7.91E-05
05/05/22 0:00,-9.34E-05
04/05/22 16:00,0.0001
04/05/22 8:00,-0.00037159
04/05/22 0:00,-8.83E-05
03/05/22 16:00,-3.75E-05
03/05/22 8:00,3.89E-05
03/05/22 0:00,-0.00028254
02/05/22 16:00,-8.15E-05
02/05/22 8:00,-0.00010681
02/05/22 0:00,1.53E-05
01/05/22 16:00,-0.00044598
01/05/22 8:00,-0.00029309
01/05/22 0:00,0.0001
30/04/22 16:00,-4.68E-05
30/04/22 8:00,-7.72E-05
30/04/22 0:00,-4.26E-05
29/04/22 16:00,-9.98E-05
29/04/22 8:00,-0.00014619
29/04/22 0:00,0.0001
28/04/22 16:00,-4.39E-05
28/04/22 8:00,0.0001
28/04/22 0:00,-9.58E-05
27/04/22 16:00,0.0001
27/04/22 8:00,3.71E-05
27/04/22 0:00,0.0001
26/04/22 16:00,0.0001
26/04/22 8:00,2.78E-05
26/04/22 0:00,-9.94E-05
25/04/22 16:00,-0.00019323
25/04/22 8:00,0.0001
25/04/22 0:00,-3.27E-06
24/04/22 16:00,-9.12E-05
24/04/22 8:00,7.99E-05
24/04/22 0:00,8.18E-05
23/04/22 16:00,-9.77E-05
23/04/22 8:00,0.0001
23/04/22 0:00,0.0001
22/04/22 16:00,3.96E-05
22/04/22 8:00,0.0001
22/04/22 0:00,0.0001
21/04/22 16:00,0.0001
21/04/22 8:00,0.0001
21/04/22 0:00,0.0001
20/04/22 16:00,0.0001
20/04/22 8:00,0.0001
20/04/22 0:00,0.0001
19/04/22 16:00,-2.04E-05
19/04/22 8:00,-0.00015182
19/04/22 0:00,-6.87E-05
18/04/22 16:00,-8.61E-06
18/04/22 8:00,-0.00026342
18/04/22 0:00,6.40E-05
17/04/22 16:00,0.0001
17/04/22 8:00,-4.96E-05
17/04/22 0:00,-0.00019529
16/04/22 16:00,-5.77E-05
16/04/22 8:00,-0.00021537
16/04/22 0:00,-0.0002087
15/04/22 16:00,7.21E-05
15/04/22 8:00,0.0001
15/04/22 0:00,-0.00037452
14/04/22 16:00,-0.00019748
14/04/22 8:00,-0.00031727
14/04/22 0:00,-0.00026522
13/04/22 16:00,-0.00026305
13/04/22 8:00,-0.00018464
13/04/22 0:00,-0.00030244
12/04/22 16:00,-0.0002266
12/04/22 8:00,6.33E-05
12/04/22 0:00,-8.79E-05
11/04/22 16:00,-0.00012969
11/04/22 8:00,0.0001
11/04/22 0:00,-6.70E-07
10/04/22 16:00,1.83E-05
10/04/22 8:00,-0.00024092
10/04/22 0:00,0.0001
09/04/22 16:00,0.0001
09/04/22 8:00,-2.05E-05
09/04/22 0:00,-8.87E-05
08/04/22 16:00,-0.00012861
08/04/22 8:00,2.75E-05
08/04/22 0:00,-0.00013338
07/04/22 16:00,-1.31E-05
07/04/22 8:00,-0.00017242
07/04/22 0:00,-6.04E-05
06/04/22 16:00,-0.00010481
06/04/22 8:00,-5.47E-05
06/04/22 0:00,0.0001
05/04/22 16:00,0.0001
05/04/22 8:00,6.61E-05
05/04/22 0:00,4.62E-06
04/04/22 16:00,0.0001
04/04/22 8:00,6.01E-05
04/04/22 0:00,0.0001
03/04/22 16:00,4.29E-05
03/04/22 8:00,0.0001
03/04/22 0:00,0.0001
02/04/22 16:00,0.0001
02/04/22 8:00,2.90E-05
02/04/22 0:00,-0.00015384
01/04/22 16:00,-0.00027341
01/04/22 8:00,0.0001
01/04/22 0:00,0.0001
31/03/22 16:00,0.0001
31/03/22 8:00,0.0001
31/03/22 0:00,0.0001
30/03/22 16:00,0.0001
30/03/22 8:00,0.0001
30/03/22 0:00,0.0001
29/03/22 16:00,0.0001
29/03/22 8:00,0.0001
29/03/22 0:00,0.0001
28/03/22 16:00,0.0001
28/03/22 8:00,3.14E-05
28/03/22 0:00,-6.37E-05
27/03/22 16:00,-0.00022176
27/03/22 8:00,3.00E-05
27/03/22 0:00,0.0001
26/03/22 16:00,2.22E-05
26/03/22 8:00,-0.00030722
26/03/22 0:00,6.96E-05
25/03/22 16:00,0.0001
25/03/22 8:00,0.0001
25/03/22 0:00,0.0001
24/03/22 16:00,0.0001
24/03/22 8:00,0.0001
24/03/22 0:00,6.73E-05
23/03/22 16:00,-6.96E-05
23/03/22 8:00,0.0001
23/03/22 0:00,3.18E-05
22/03/22 16:00,0.0001
22/03/22 8:00,-6.62E-05
22/03/22 0:00,7.31E-05
21/03/22 16:00,0.0001
21/03/22 8:00,0.0001
21/03/22 0:00,8.82E-05
20/03/22 16:00,3.90E-05
20/03/22 8:00,7.62E-05
20/03/22 0:00,0.0001
19/03/22 16:00,7.24E-05
19/03/22 8:00,0.0001
19/03/22 0:00,-7.91E-05
18/03/22 16:00,5.64E-05
18/03/22 8:00,-8.84E-05
18/03/22 0:00,9.54E-05
17/03/22 16:00,0.0001
17/03/22 8:00,0.0001
17/03/22 0:00,0.0001
16/03/22 16:00,0.0001
16/03/22 8:00,0.0001
16/03/22 0:00,0.0001
15/03/22 16:00,0.0001
15/03/22 8:00,0.0001
15/03/22 0:00,0.0001
14/03/22 16:00,5.26E-05
14/03/22 8:00,-4.10E-05
14/03/22 0:00,0.0001
13/03/22 16:00,8.80E-05
13/03/22 8:00,0.0001
13/03/22 0:00,0.0001
12/03/22 16:00,0.0001
12/03/22 8:00,0.0001
12/03/22 0:00,9.32E-05
11/03/22 16:00,5.82E-05
11/03/22 8:00,2.36E-05
11/03/22 0:00,0.0001
10/03/22 16:00,0.0001
10/03/22 8:00,0.0001
10/03/22 0:00,0.0001
09/03/22 16:00,0.0001
09/03/22 8:00,-0.00056566
09/03/22 0:00,-5.46E-05
08/03/22 16:00,-0.00038322
08/03/22 8:00,-0.00056788
08/03/22 0:00,-0.00032854
07/03/22 16:00,-0.00038615
07/03/22 8:00,-0.0005502
07/03/22 0:00,-0.00036874
06/03/22 16:00,-0.00046812
06/03/22 8:00,-0.00052971
06/03/22 0:00,-0.00028885
05/03/22 16:00,-0.00075692
05/03/22 8:00,-0.00042351
05/03/22 0:00,-0.00016003
04/03/22 16:00,-0.00032127
04/03/22 8:00,-0.00017383
04/03/22 0:00,-0.0003475
03/03/22 16:00,-2.95E-05
03/03/22 8:00,-0.00027499
03/03/22 0:00,-0.00014358
02/03/22 16:00,-0.00024393
02/03/22 8:00,0.0001
02/03/22 0:00,0.0001
01/03/22 16:00,0.0001
01/03/22 8:00,0.0001
01/03/22 0:00,0.0001
28/02/22 16:00,4.16E-05
28/02/22 8:00,0.0001
28/02/22 0:00,0.0001
27/02/22 16:00,-0.00011042
27/02/22 8:00,3.29E-05
27/02/22 0:00,0.0001
26/02/22 16:00,0.0001
26/02/22 8:00,-1.17E-05
26/02/22 0:00,-0.00023117
25/02/22 16:00,-3.55E-06
25/02/22 8:00,-0.000173
25/02/22 0:00,-0.00039521
24/02/22 16:00,-6.44E-06
24/02/22 8:00,0.0001
24/02/22 0:00,0.0001
23/02/22 16:00,5.78E-06
23/02/22 8:00,-0.00012195
23/02/22 0:00,-1.66E-05
22/02/22 16:00,-1.05E-05
22/02/22 8:00,0.0001
22/02/22 0:00,4.93E-05
21/02/22 16:00,-0.00037211
21/02/22 8:00,-0.00016688
21/02/22 0:00,-8.48E-05
20/02/22 16:00,-0.00032071
20/02/22 8:00,-0.00015023
20/02/22 0:00,4.38E-05
19/02/22 16:00,-6.37E-06
19/02/22 8:00,-4.13E-05
19/02/22 0:00,0.0001
18/02/22 16:00,-0.00024804
18/02/22 8:00,4.35E-05
18/02/22 0:00,0.0001
17/02/22 16:00,2.99E-05
17/02/22 8:00,-0.00016998
17/02/22 0:00,-8.12E-05
16/02/22 16:00,-0.00020271
16/02/22 8:00,-0.00011831
16/02/22 0:00,-0.0001622
15/02/22 16:00,0.0001
15/02/22 8:00,0.0001
15/02/22 0:00,0.0001
14/02/22 16:00,0.0001
14/02/22 8:00,0.0001
14/02/22 0:00,0.0001
13/02/22 16:00,0.0001
13/02/22 8:00,0.0001
13/02/22 0:00,0.0001
12/02/22 16:00,-3.55E-05
12/02/22 8:00,3.64E-05
12/02/22 0:00,-2.60E-05
11/02/22 16:00,-0.00013491
11/02/22 8:00,2.79E-05
11/02/22 0:00,0.0001
10/02/22 16:00,-0.00012326
10/02/22 8:00,-0.00027157
10/02/22 0:00,0.0001
09/02/22 16:00,0.0001
09/02/22 8:00,0.0001
09/02/22 0:00,-1.44E-05
08/02/22 16:00,7.19E-05
08/02/22 8:00,0.0001
08/02/22 0:00,0.0001
07/02/22 16:00,-0.00019507
07/02/22 8:00,-0.00016425
07/02/22 0:00,0.0001
06/02/22 16:00,-4.17E-05
06/02/22 8:00,-7.10E-06
06/02/22 0:00,0.0001
05/02/22 16:00,-0.00020093
05/02/22 8:00,-0.0003584
05/02/22 0:00,3.68E-05
04/02/22 16:00,-0.00015689
04/02/22 8:00,-7.11E-05
04/02/22 0:00,-4.54E-05
03/02/22 16:00,8.85E-05
03/02/22 8:00,-0.0001449
03/02/22 0:00,-1.64E-05
02/02/22 16:00,5.85E-05
02/02/22 8:00,-2.76E-05
02/02/22 0:00,-0.00011689
01/02/22 16:00,0.0001
01/02/22 8:00,-0.00028264
01/02/22 0:00,5.12E-05
31/01/22 16:00,8.79E-05
31/01/22 8:00,0.0001
31/01/22 0:00,0.0001
30/01/22 16:00,0.0001
30/01/22 8:00,-0.00041794
30/01/22 0:00,-9.28E-05
29/01/22 16:00,4.48E-05
29/01/22 8:00,2.59E-05
29/01/22 0:00,7.38E-05
28/01/22 16:00,-0.00017487
28/01/22 8:00,0.0001
28/01/22 0:00,-0.00011672
27/01/22 16:00,-0.00039126
27/01/22 8:00,-0.00013749
27/01/22 0:00,-0.00022145
26/01/22 16:00,-8.33E-05
26/01/22 8:00,-0.00042717
26/01/22 0:00,-0.00010201
25/01/22 16:00,0.0001
25/01/22 8:00,-0.00055219
25/01/22 0:00,0.0001
24/01/22 16:00,3.98E-05
24/01/22 8:00,0.0001
24/01/22 0:00,-9.43E-05
23/01/22 16:00,0.0001
23/01/22 8:00,0.0001
23/01/22 0:00,-5.19E-05
22/01/22 16:00,-6.00E-05
22/01/22 8:00,0.0001
22/01/22 0:00,0.0001
21/01/22 16:00,0.0001
21/01/22 8:00,0.0001
21/01/22 0:00,0.0001
20/01/22 16:00,-0.00025909
20/01/22 8:00,-0.00015596
20/01/22 0:00,6.36E-05
19/01/22 16:00,-0.00058027
19/01/22 8:00,-0.00032108
19/01/22 0:00,-0.00031519
18/01/22 16:00,-0.00035148
18/01/22 8:00,8.53E-05
18/01/22 0:00,-0.00049335
17/01/22 16:00,1.72E-05
17/01/22 8:00,-0.0011856
17/01/22 0:00,-0.00078941
16/01/22 16:00,-0.00023752
16/01/22 8:00,-0.00147074
16/01/22 0:00,-0.00055723
15/01/22 16:00,-0.00038467
15/01/22 8:00,-0.00027305
15/01/22 0:00,-0.00108372
14/01/22 16:00,-0.00053846
14/01/22 8:00,-0.00095383
14/01/22 0:00,-0.00013704
13/01/22 16:00,-0.0002659
13/01/22 8:00,-0.00104298
13/01/22 0:00,-0.00060392
12/01/22 16:00,-0.00037179
12/01/22 8:00,-0.00117257
12/01/22 0:00,-0.00012034
11/01/22 16:00,0.0001
11/01/22 8:00,3.01E-05
11/01/22 0:00,4.89E-05
10/01/22 16:00,-1.67E-05
10/01/22 8:00,0.0001
10/01/22 0:00,0.0001
09/01/22 16:00,0.0001
09/01/22 8:00,-0.00011242
09/01/22 0:00,0.0001
08/01/22 16:00,0.0001
08/01/22 8:00,0.0001
08/01/22 0:00,7.92E-05
07/01/22 16:00,-2.69E-05
07/01/22 8:00,3.70E-05
07/01/22 0:00,-3.33E-05
06/01/22 16:00,7.24E-05
06/01/22 8:00,0.0001
06/01/22 0:00,0.0001
05/01/22 16:00,0.0001
05/01/22 8:00,0.0001
05/01/22 0:00,0.0001
04/01/22 16:00,0.00025713
04/01/22 8:00,0.0001
04/01/22 0:00,0.0001
03/01/22 16:00,3.79E-05
03/01/22 8:00,0.0001
03/01/22 0:00,0.0001
02/01/22 16:00,0.0001
02/01/22 8:00,0.0001
02/01/22 0:00,0.0001
01/01/22 16:00,0.0001
01/01/22 8:00,0.0001
01/01/22 0:00,0.0001
31/12/21 16:00,0.0001
31/12/21 8:00,0.0001
31/12/21 0:00,0.0001
30/12/21 16:00,0.0001
30/12/21 8:00,0.0001
30/12/21 0:00,0.0001
29/12/21 16:00,0.0001
29/12/21 8:00,0.0001
29/12/21 0:00,0.0001
28/12/21 16:00,0.0001
28/12/21 8:00,8.75E-05
28/12/21 0:00,0.00024148
27/12/21 16:00,0.00055979
27/12/21 8:00,0.0001
27/12/21 0:00,0.0001
26/12/21 16:00,0.0001
26/12/21 8:00,0.00035371
26/12/21 0:00,0.00044234
25/12/21 16:00,0.00022574
25/12/21 8:00,0.0001
25/12/21 0:00,0.0001
24/12/21 16:00,0.0001
24/12/21 8:00,0.0001
24/12/21 0:00,0.0001
23/12/21 16:00,0.0001
23/12/21 8:00,0.0001
23/12/21 0:00,0.0001
22/12/21 16:00,0.0001
22/12/21 8:00,0.0001
22/12/21 0:00,0.0001
21/12/21 16:00,0.0001
21/12/21 8:00,0.0001
21/12/21 0:00,0.0001
20/12/21 16:00,0.0001
20/12/21 8:00,0.0001
20/12/21 0:00,0.0001
19/12/21 16:00,0.0001
19/12/21 8:00,0.0001
19/12/21 0:00,0.0001
18/12/21 16:00,0.0001
18/12/21 8:00,0.0001
18/12/21 0:00,0.0001
17/12/21 16:00,0.0001
17/12/21 8:00,0.0001
17/12/21 0:00,0.0001
16/12/21 16:00,0.0001
16/12/21 8:00,0.0001
16/12/21 0:00,0.0001
15/12/21 16:00,0.0001
15/12/21 8:00,0.0001
15/12/21 0:00,0.0001
14/12/21 16:00,1.51E-05
14/12/21 8:00,-0.00021253
14/12/21 0:00,-7.41E-05
13/12/21 16:00,-0.000257
13/12/21 8:00,-0.00022174
13/12/21 0:00,-0.00051178
12/12/21 16:00,-0.00031518
12/12/21 8:00,-0.00028742
12/12/21 0:00,-0.00019624
11/12/21 16:00,-0.00021913
11/12/21 8:00,-9.16E-05
11/12/21 0:00,-0.00059589
10/12/21 16:00,-0.00029322
10/12/21 8:00,-0.00026321
10/12/21 0:00,-0.00015219
09/12/21 16:00,-0.00010477
09/12/21 8:00,-0.0002876
09/12/21 0:00,-6.76E-06
08/12/21 16:00,-0.00012076
08/12/21 8:00,-0.00094273
08/12/21 0:00,-0.00060221
07/12/21 16:00,-0.00115792
07/12/21 8:00,-0.00080581
07/12/21 0:00,3.79E-05
06/12/21 16:00,0.0001
06/12/21 8:00,3.89E-05
06/12/21 0:00,-0.00025051
05/12/21 16:00,0.0001
05/12/21 8:00,-0.0001615
05/12/21 0:00,-0.00013424
04/12/21 16:00,0.0001
04/12/21 8:00,0.0001
04/12/21 0:00,0.0001
03/12/21 16:00,0.0001
03/12/21 8:00,0.0001
03/12/21 0:00,0.0001
02/12/21 16:00,0.0001
02/12/21 8:00,0.0001
02/12/21 0:00,0.0001
01/12/21 16:00,0.0001
01/12/21 8:00,0.0001
01/12/21 0:00,0.0001
30/11/21 16:00,0.00031654
30/11/21 8:00,0.00046215
30/11/21 0:00,0.0001
29/11/21 16:00,0.0001
29/11/21 8:00,0.0001
29/11/21 0:00,0.0001
28/11/21 16:00,0.0001
28/11/21 8:00,0.0001
28/11/21 0:00,0.0001
27/11/21 16:00,0.0001
27/11/21 8:00,0.0001
27/11/21 0:00,0.0001
26/11/21 16:00,0.00036967
26/11/21 8:00,0.00049032
26/11/21 0:00,0.00070339
25/11/21 16:00,0.00038366
25/11/21 8:00,0.00012551
25/11/21 0:00,0.00010316
24/11/21 16:00,0.00020994
24/11/21 8:00,0.00025463
24/11/21 0:00,0.00013824
23/11/21 16:00,0.0001
23/11/21 8:00,0.0001
23/11/21 0:00,0.0001
22/11/21 16:00,0.00028147
22/11/21 8:00,0.00017774
22/11/21 0:00,0.00023554
21/11/21 16:00,0.0002115
21/11/21 8:00,0.0001
21/11/21 0:00,0.0001
20/11/21 16:00,0.0001
20/11/21 8:00,0.0001
20/11/21 0:00,0.0001
19/11/21 16:00,0.0001
19/11/21 8:00,0.0001
19/11/21 0:00,0.00011585
18/11/21 16:00,0.0001
18/11/21 8:00,0.0001
18/11/21 0:00,0.0001
17/11/21 16:00,0.00025051
17/11/21 8:00,0.0001
17/11/21 0:00,0.0001
16/11/21 16:00,-0.00021777
16/11/21 8:00,0.0001
16/11/21 0:00,0.0001
15/11/21 16:00,0.0001
15/11/21 8:00,7.21E-05
15/11/21 0:00,-0.00023212
14/11/21 16:00,-0.00018302
14/11/21 8:00,-0.00031517
14/11/21 0:00,-0.00031129
13/11/21 16:00,-0.00066225
13/11/21 8:00,-0.00075665
13/11/21 0:00,-0.00044765
12/11/21 16:00,-0.00049156
12/11/21 8:00,-0.00043684
12/11/21 0:00,1.20E-05
11/11/21 16:00,0.0001
11/11/21 8:00,0.00045522
11/11/21 0:00,0.00098401
10/11/21 16:00,0.00145574
10/11/21 8:00,0.00164268
10/11/21 0:00,0.00116705
09/11/21 16:00,0.00060503
09/11/21 8:00,0.0001
09/11/21 0:00,0.00043289
08/11/21 16:00,0.00063504
08/11/21 8:00,0.0001
08/11/21 0:00,0.0001
07/11/21 16:00,-0.00049795
07/11/21 8:00,-0.00092758
07/11/21 0:00,-0.00023436
06/11/21 16:00,-0.00028811
06/11/21 8:00,0.0001
06/11/21 0:00,0.00065849
05/11/21 16:00,0.0008796
05/11/21 8:00,0.00071092
05/11/21 0:00,0.00053718
04/11/21 16:00,0.0001
04/11/21 8:00,0.0001
04/11/21 0:00,0.0001
03/11/21 16:00,0.00022728
03/11/21 8:00,0.0001
03/11/21 0:00,0.0001
02/11/21 16:00,0.0001
02/11/21 8:00,0.0001
02/11/21 0:00,0.0001
01/11/21 16:00,-1.48E-05
01/11/21 8:00,-0.00038794
01/11/21 0:00,-9.10E-05
31/10/21 16:00,0.0001
31/10/21 8:00,0.0001
31/10/21 0:00,0.0001
30/10/21 16:00,0.0001
30/10/21 8:00,0.0001
30/10/21 0:00,0.0001
29/10/21 16:00,0.0001
29/10/21 8:00,0.0001
29/10/21 0:00,0.0001
28/10/21 16:00,0.0001
28/10/21 8:00,0.0001
28/10/21 0:00,0.0001
27/10/21 16:00,0.00051966
27/10/21 8:00,0.00056004
27/10/21 0:00,0.00065091
26/10/21 16:00,0.00049403
26/10/21 8:00,0.00047719
26/10/21 0:00,0.00052967
25/10/21 16:00,0.00043046
25/10/21 8:00,0.00033041
25/10/21 0:00,0.00048457
24/10/21 16:00,0.00029023
24/10/21 8:00,0.00024891
24/10/21 0:00,0.00051621
23/10/21 16:00,0.00102068
23/10/21 8:00,0.00176684
23/10/21 0:00,0.00217281
22/10/21 16:00,0.00119811
22/10/21 8:00,0.00071149
22/10/21 0:00,0.00012272
21/10/21 16:00,-0.00040113
21/10/21 8:00,2.88E-05
21/10/21 0:00,-0.00017793
20/10/21 16:00,-0.00051297
20/10/21 8:00,-0.00044398
20/10/21 0:00,-0.00040544
19/10/21 16:00,-0.00023944
19/10/21 8:00,-0.0006035
19/10/21 0:00,-0.0002206
18/10/21 16:00,-0.00067068
18/10/21 8:00,-0.00127955
18/10/21 0:00,-0.00070056
17/10/21 16:00,-0.00071939
17/10/21 8:00,-0.0005704
17/10/21 0:00,-0.00019503
16/10/21 16:00,-0.00015336
16/10/21 8:00,-0.00030843
16/10/21 0:00,-4.18E-05
15/10/21 16:00,0.0001
15/10/21 8:00,-4.74E-05
15/10/21 0:00,-0.00061119
14/10/21 16:00,-0.0007349
14/10/21 8:00,5.77E-05
14/10/21 0:00,0.0001
13/10/21 16:00,0.00012329
13/10/21 8:00,0.0001
13/10/21 0:00,0.0001
12/10/21 16:00,0.0001
12/10/21 8:00,0.0001
12/10/21 0:00,0.0001
11/10/21 16:00,0.0001
11/10/21 8:00,0.0001
11/10/21 0:00,0.00038358
10/10/21 16:00,0.00056536
10/10/21 8:00,0.00024381
10/10/21 0:00,0.00030883
09/10/21 16:00,0.0003097
09/10/21 8:00,0.00063221
09/10/21 0:00,0.00024608
08/10/21 16:00,0.0001
08/10/21 8:00,0.0001
08/10/21 0:00,0.0001
07/10/21 16:00,-0.00028877
07/10/21 8:00,-0.00025665
07/10/21 0:00,-0.00058524
06/10/21 16:00,-0.00068577
06/10/21 8:00,-0.00064836
06/10/21 0:00,-1.92E-05
05/10/21 16:00,-0.00022521
05/10/21 8:00,-0.00015072
05/10/21 0:00,-0.00042024
04/10/21 16:00,-0.00027654
04/10/21 8:00,-0.00041709
04/10/21 0:00,-0.0008365
03/10/21 16:00,-0.00027719
03/10/21 8:00,5.30E-05
03/10/21 0:00,-0.00014634
02/10/21 16:00,-0.00041483
02/10/21 8:00,-0.00084518
02/10/21 0:00,-0.00037128
01/10/21 16:00,-0.00091507
01/10/21 8:00,-0.00143869
01/10/21 0:00,-0.00064069
30/09/21 16:00,-0.00093417
30/09/21 8:00,-0.00076408
30/09/21 0:00,-0.0001777
29/09/21 16:00,0.0001
29/09/21 8:00,0.0001
29/09/21 0:00,0.0001
28/09/21 16:00,0.0001
28/09/21 8:00,0.0001
28/09/21 0:00,0.0001
27/09/21 16:00,0.0001
27/09/21 8:00,7.97E-05
27/09/21 0:00,-7.59E-05
26/09/21 16:00,-0.00018065
26/09/21 8:00,-3.51E-05
26/09/21 0:00,0.0001
25/09/21 16:00,0.0001
25/09/21 8:00,3.67E-05
25/09/21 0:00,0.0001
24/09/21 16:00,-5.29E-05
24/09/21 8:00,-1.35E-06
24/09/21 0:00,0.0001
23/09/21 16:00,3.17E-05
23/09/21 8:00,-0.00015854
23/09/21 0:00,0.0001
22/09/21 16:00,-3.30E-05
22/09/21 8:00,0.0001
22/09/21 0:00,7.99E-05
21/09/21 16:00,0.0001
21/09/21 8:00,0.0001
21/09/21 0:00,0.0001
20/09/21 16:00,0.0001
20/09/21 8:00,0.0001
20/09/21 0:00,0.0001
19/09/21 16:00,0.0001
19/09/21 8:00,0.0001
19/09/21 0:00,0.0001
18/09/21 16:00,0.0001
18/09/21 8:00,0.0001
18/09/21 0:00,0.0001
17/09/21 16:00,0.0001
17/09/21 8:00,0.0001
17/09/21 0:00,0.0001
16/09/21 16:00,0.0001
16/09/21 8:00,0.0001
16/09/21 0:00,7.74E-05
15/09/21 16:00,0.0001
15/09/21 8:00,0.0001
15/09/21 0:00,-0.00020954
14/09/21 16:00,-2.69E-05
14/09/21 8:00,0.0001
14/09/21 0:00,0.0001
13/09/21 16:00,0.0001
13/09/21 8:00,0.0001
13/09/21 0:00,0.0001
12/09/21 16:00,1.94E-05
12/09/21 8:00,5.66E-05
12/09/21 0:00,0.0001
11/09/21 16:00,0.0001
11/09/21 8:00,0.0001
11/09/21 0:00,0.0001
10/09/21 16:00,0.0001
10/09/21 8:00,0.0001
10/09/21 0:00,0.0001
09/09/21 16:00,0.0001
09/09/21 8:00,0.0001
09/09/21 0:00,0.0001
08/09/21 16:00,-0.00025695
08/09/21 8:00,-0.00075263
08/09/21 0:00,5.77E-05
07/09/21 16:00,0.00053194
07/09/21 8:00,0.00011024
07/09/21 0:00,0.00049813
06/09/21 16:00,0.00117312
06/09/21 8:00,0.00113176
06/09/21 0:00,0.00116562
05/09/21 16:00,0.00098248
05/09/21 8:00,0.0010349
05/09/21 0:00,0.00076965
04/09/21 16:00,0.00038378
04/09/21 8:00,0.00029678
04/09/21 0:00,0.000494
03/09/21 16:00,0.00054896
03/09/21 8:00,0.00046091
03/09/21 0:00,0.00024991
02/09/21 16:00,0.00026985
02/09/21 8:00,0.0001
02/09/21 0:00,0.00039915
01/09/21 16:00,0.00072315
01/09/21 8:00,0.00069383
01/09/21 0:00,0.00053679
31/08/21 16:00,0.0006616
31/08/21 8:00,0.00098345
31/08/21 0:00,0.00089115
30/08/21 16:00,0.00067312
30/08/21 8:00,0.00058107
30/08/21 0:00,0.00057172
29/08/21 16:00,0.00065794
29/08/21 8:00,0.00063821
29/08/21 0:00,0.00037248
28/08/21 16:00,0.00029708
28/08/21 8:00,0.0001
28/08/21 0:00,0.0001
27/08/21 16:00,0.0001
27/08/21 8:00,0.0001
27/08/21 0:00,0.00029858
26/08/21 16:00,0.00055045
26/08/21 8:00,0.00048701
26/08/21 0:00,0.00060476
25/08/21 16:00,0.00062002
25/08/21 8:00,0.00078883
25/08/21 0:00,0.0012253
24/08/21 16:00,0.0011817
24/08/21 8:00,0.00091696
24/08/21 0:00,0.00101426
23/08/21 16:00,0.00097766
23/08/21 8:00,0.00057611
23/08/21 0:00,0.00063042
22/08/21 16:00,0.00078972
22/08/21 8:00,0.00087034
22/08/21 0:00,0.00091572
21/08/21 16:00,0.00092767
21/08/21 8:00,0.00062084
21/08/21 0:00,0.00029753
20/08/21 16:00,0.0001
20/08/21 8:00,0.0001
20/08/21 0:00,0.0001
19/08/21 16:00,0.0001
19/08/21 8:00,0.0001
19/08/21 0:00,0.0001
18/08/21 16:00,0.0001
18/08/21 8:00,0.00011216
18/08/21 0:00,0.00055705
17/08/21 16:00,0.0007769
17/08/21 8:00,0.00075536
17/08/21 0:00,0.00085911
16/08/21 16:00,0.00059055
16/08/21 8:00,0.0002993
16/08/21 0:00,0.00032723
15/08/21 16:00,0.00042845
15/08/21 8:00,0.0004835
15/08/21 0:00,0.00082566
14/08/21 16:00,0.00054688
14/08/21 8:00,0.00024218
14/08/21 0:00,0.00027973
13/08/21 16:00,0.00033656
13/08/21 8:00,0.00037926
13/08/21 0:00,0.0006759
12/08/21 16:00,0.00085048
12/08/21 8:00,0.00053464
12/08/21 0:00,0.00019597
11/08/21 16:00,0.0001
11/08/21 8:00,0.0001097
11/08/21 0:00,0.0001
10/08/21 16:00,0.0001
10/08/21 8:00,0.0001
10/08/21 0:00,0.0001
09/08/21 16:00,0.0001
09/08/21 8:00,0.0001
09/08/21 0:00,0.00018651
08/08/21 16:00,0.0001
08/08/21 8:00,0.0001
08/08/21 0:00,0.0001
07/08/21 16:00,0.0001
07/08/21 8:00,0.0001
07/08/21 0:00,0.0001
06/08/21 16:00,0.0001
06/08/21 8:00,0.0001
06/08/21 0:00,0.0001
05/08/21 16:00,0.0001
05/08/21 8:00,0.0001
05/08/21 0:00,0.0001
04/08/21 16:00,0.0001
04/08/21 8:00,0.0001
04/08/21 0:00,0.0001
03/08/21 16:00,0.0001
03/08/21 8:00,0.0001
03/08/21 0:00,0.0001
02/08/21 16:00,0.0001
02/08/21 8:00,0.0001
02/08/21 0:00,0.0001
01/08/21 16:00,0.0001
01/08/21 8:00,0.0001
01/08/21 0:00,0.0001
31/07/21 16:00,0.0001
31/07/21 8:00,7.17E-05
31/07/21 0:00,-0.00010136
30/07/21 16:00,0.0001
30/07/21 8:00,0.0001
30/07/21 0:00,0.0001
29/07/21 16:00,0.0001
29/07/21 8:00,0.0001
29/07/21 0:00,0.0001
28/07/21 16:00,0.0001
28/07/21 8:00,2.26E-05
28/07/21 0:00,-0.00050658
27/07/21 16:00,-0.00021347
27/07/21 8:00,0.0001
27/07/21 0:00,0.0001
26/07/21 16:00,0.0001
26/07/21 8:00,-0.00022316
26/07/21 0:00,7.38E-05
25/07/21 16:00,-3.40E-07
25/07/21 8:00,-7.20E-05
25/07/21 0:00,0.0001
24/07/21 16:00,2.93E-05
24/07/21 8:00,-6.53E-05
24/07/21 0:00,-0.00043726
23/07/21 16:00,-0.0004859
23/07/21 8:00,-0.00051299
23/07/21 0:00,-0.00027954
22/07/21 16:00,-0.00031966
22/07/21 8:00,-0.00044677
22/07/21 0:00,-0.00096244
21/07/21 16:00,-0.00100774
21/07/21 8:00,-0.00094449
21/07/21 0:00,-0.00125986
20/07/21 16:00,-0.00133653
20/07/21 8:00,-0.00081429
20/07/21 0:00,-0.00105642
19/07/21 16:00,-0.00086104
19/07/21 8:00,-0.00101316
19/07/21 0:00,-0.0009291
18/07/21 16:00,-0.00119054
18/07/21 8:00,-0.00128759
18/07/21 0:00,-0.00150819
17/07/21 16:00,-0.00147277
17/07/21 8:00,-0.00079134
17/07/21 0:00,-0.00120062
16/07/21 16:00,-0.00128628
16/07/21 8:00,-0.00122483
16/07/21 0:00,-0.00056474
15/07/21 16:00,0.0001
15/07/21 8:00,0.0001
15/07/21 0:00,-0.00017577
14/07/21 16:00,0.0001
14/07/21 8:00,0.0001
14/07/21 0:00,-0.00011801
13/07/21 16:00,-0.00048658
13/07/21 8:00,-0.00056999
13/07/21 0:00,-0.00026706
12/07/21 16:00,-0.00043195
12/07/21 8:00,-0.00034862
12/07/21 0:00,-0.0003947
11/07/21 16:00,-0.00047125
11/07/21 8:00,-0.00081695
11/07/21 0:00,-0.0009661
10/07/21 16:00,-0.00053281
10/07/21 8:00,-0.00038173
10/07/21 0:00,-0.00014506
09/07/21 16:00,0.0001
09/07/21 8:00,0.0001
09/07/21 0:00,0.0001
08/07/21 16:00,0.0001
08/07/21 8:00,0.0001
08/07/21 0:00,9.06E-05
07/07/21 16:00,4.44E-05
07/07/21 8:00,-2.34E-05
07/07/21 0:00,0.0001
06/07/21 16:00,0.0001
06/07/21 8:00,0.0001
06/07/21 0:00,8.84E-05
05/07/21 16:00,0.0001
05/07/21 8:00,-3.21E-06
05/07/21 0:00,0.0001
04/07/21 16:00,0.0001
04/07/21 8:00,0.0001
04/07/21 0:00,-0.00016427
03/07/21 16:00,-0.00053395
03/07/21 8:00,-0.00083153
03/07/21 0:00,-0.00080964
02/07/21 16:00,-0.00023384
02/07/21 8:00,1.00E-05
02/07/21 0:00,8.36E-05
01/07/21 16:00,0.0001
01/07/21 8:00,-0.00023728
01/07/21 0:00,0.0001
30/06/21 16:00,0.0001
30/06/21 8:00,0.0001
30/06/21 0:00,0.0001
29/06/21 16:00,0.0001
29/06/21 8:00,0.0001